,filename,method,crps_volume,avg_crps_pointwise,abs_mean_volume,avg_abs_mean_pointwise,mean_JS_flow
0,/home/nevena/data_tsanfleuron/mps/simu_mps_param_8_12-02-2021/simulation_grad_real_1.pickle,mps,3.1710089889226354,4.81942264896023,4.970143669036031,7.129758648539427,0.013380792605588148
1,/home/nevena/data_tsanfleuron/mps/simu_mps_param_8_12-02-2021/simulation_hill_real_4.pickle,mps,0.3970148919442867,2.7009630796887567,0.5339158149845898,3.545374456588835,0.01002303089628418
2,/home/nevena/data_tsanfleuron/mps/simu_mps_param_8_12-02-2021/simulation_hill_real_10.pickle,mps,2.3906372572641765,3.758225034416462,3.3172144771881404,5.215598003827635,0.014434632692891285
3,/home/nevena/data_tsanfleuron/mps/simu_mps_param_8_12-02-2021/simulation_grad_real_11.pickle,mps,2.199690469543236,3.2943266657045074,3.219313041042164,4.672524001086232,0.024779001775398036
4,/home/nevena/data_tsanfleuron/mps/simu_mps_param_8_12-02-2021/simulation_grad_real_2.pickle,mps,0.2724998486818432,3.0314956860227706,0.17702700978517533,4.175288382284131,0.013634355711813956
5,/home/nevena/data_tsanfleuron/mps/simu_mps_param_8_12-02-2021/simulation_grad_real_0.pickle,mps,0.8159276083379613,3.0627936351078606,0.8260229022137822,3.817340052331408,0.010402103432066245
6,/home/nevena/data_tsanfleuron/mps/simu_mps_param_8_12-02-2021/simulation_grad_real_7.pickle,mps,2.157369497409023,3.8219076425634007,3.55170530439727,5.440619097330831,0.012974609517322138
7,/home/nevena/data_tsanfleuron/mps/simu_mps_param_8_12-02-2021/simulation_grad_real_5.pickle,mps,0.5933077404872162,3.6604920828199154,0.4821391180686653,5.109855426749329,0.013093195339707792
8,/home/nevena/data_tsanfleuron/mps/simu_mps_param_8_12-02-2021/simulation_hill_real_12.pickle,mps,1.5637637485458373,4.530654475535886,2.277444150471687,6.346444438082034,0.012132771005494003
9,/home/nevena/data_tsanfleuron/mps/simu_mps_param_8_12-02-2021/simulation_grad_real_8.pickle,mps,0.37445499009181205,2.7234823992603014,0.24061140642315149,3.740445781850944,0.015732549444462184
10,/home/nevena/data_tsanfleuron/mps/simu_mps_param_8_12-02-2021/simulation_hill_real_22.pickle,mps,0.5991285164934131,3.7298939758950693,0.9648698929701,5.32217962673156,0.013975774192388584
11,/home/nevena/data_tsanfleuron/mps/simu_mps_param_8_12-02-2021/simulation_grad_real_15.pickle,mps,0.3739991212383078,3.193618637363795,0.5093391756247729,4.462188089210478,0.011357723854239743
12,/home/nevena/data_tsanfleuron/mps/simu_mps_param_8_12-02-2021/simulation_grad_real_22.pickle,mps,0.5789790820105855,3.7127201049015865,0.80597633359991,5.16488849709725,0.014822509847756349
13,/home/nevena/data_tsanfleuron/mps/simu_mps_param_8_12-02-2021/simulation_hill_real_17.pickle,mps,0.46212239381145465,3.0327917283856025,0.7277732170399278,3.926970336382994,0.014851935163536067
14,/home/nevena/data_tsanfleuron/mps/simu_mps_param_8_12-02-2021/simulation_hill_real_18.pickle,mps,1.150912769235951,2.7043171134774817,2.0121649696867916,3.5702202549935507,0.01754859285567841
15,/home/nevena/data_tsanfleuron/mps/simu_mps_param_8_12-02-2021/simulation_hill_real_3.pickle,mps,0.7831419119583606,3.0543764568206013,1.278358759411052,4.269011921008872,0.011098797140005907
16,/home/nevena/data_tsanfleuron/mps/simu_mps_param_8_12-02-2021/simulation_grad_real_12.pickle,mps,1.2353570500734556,4.39450134235851,1.9676087608646602,6.029499029702775,0.01296367316600629
17,/home/nevena/data_tsanfleuron/mps/simu_mps_param_8_12-02-2021/simulation_hill_real_1.pickle,mps,3.478068396917409,5.159920924934868,5.250154713249952,7.521697062440723,0.012641255692721797
18,/home/nevena/data_tsanfleuron/mps/simu_mps_param_8_12-02-2021/simulation_grad_real_10.pickle,mps,2.10859160699698,3.8039077435171764,3.118025583933666,5.229707589507981,0.015400672870521609
19,/home/nevena/data_tsanfleuron/mps/simu_mps_param_8_12-02-2021/simulation_hill_real_6.pickle,mps,0.6181127507736768,2.969591488896852,0.674245269010216,4.013693693823299,0.009854365378486607
20,/home/nevena/data_tsanfleuron/mps/simu_mps_param_8_12-02-2021/simulation_grad_real_18.pickle,mps,1.3039467962880684,2.6413406163388657,1.8678664563152938,3.472558228196136,0.01908320663380767
21,/home/nevena/data_tsanfleuron/mps/simu_mps_param_8_12-02-2021/simulation_grad_real_16.pickle,mps,1.1139853370088355,2.8908226677366464,1.7564692448563874,3.972326181011452,0.016178464426004124
22,/home/nevena/data_tsanfleuron/mps/simu_mps_param_8_12-02-2021/simulation_hill_real_9.pickle,mps,2.7675420643865967,4.773968745326744,4.454772076274827,6.374066676765577,0.014544951117804577
23,/home/nevena/data_tsanfleuron/mps/simu_mps_param_8_12-02-2021/simulation_grad_real_4.pickle,mps,0.33066234080401785,2.762302639055388,0.618645354770124,3.6858002241634154,0.010960689498425314
24,/home/nevena/data_tsanfleuron/mps/simu_mps_param_8_12-02-2021/simulation_grad_real_9.pickle,mps,2.9739027986923445,4.793493440809022,4.370487674448639,6.434383408936422,0.01567137673930824
25,/home/nevena/data_tsanfleuron/mps/simu_mps_param_8_12-02-2021/simulation_hill_real_13.pickle,mps,5.105144863767717,6.487720612470104,6.727247732974961,8.87921929744861,0.015484999195574878
26,/home/nevena/data_tsanfleuron/mps/simu_mps_param_8_12-02-2021/simulation_hill_real_2.pickle,mps,0.30706443027604646,2.9941728723004255,0.05715622348077595,4.1353092561140326,0.012842363339145119
27,/home/nevena/data_tsanfleuron/mps/simu_mps_param_8_12-02-2021/simulation_grad_real_23.pickle,mps,3.4015909077223268,4.739121432653953,4.818442286065221,6.532515463556657,0.015733315141116515
28,/home/nevena/data_tsanfleuron/mps/simu_mps_param_8_12-02-2021/simulation_hill_real_21.pickle,mps,3.5324102086498943,4.042416612954093,4.574882384489104,5.768870009922719,0.01166093631418622
29,/home/nevena/data_tsanfleuron/mps/simu_mps_param_8_12-02-2021/simulation_grad_real_14.pickle,mps,0.6110892840286908,3.657621808929644,0.3330953884936869,5.036969261004082,0.015011201617551984
30,/home/nevena/data_tsanfleuron/mps/simu_mps_param_8_12-02-2021/simulation_grad_real_17.pickle,mps,0.3588484672934556,2.9314529382021512,0.5665342772498727,3.9389727998824573,0.01562993469250416
31,/home/nevena/data_tsanfleuron/mps/simu_mps_param_8_12-02-2021/simulation_hill_real_11.pickle,mps,1.9929892369926971,3.3285006233868,3.1602661407895387,4.751118915143857,0.023233854519019177
32,/home/nevena/data_tsanfleuron/mps/simu_mps_param_8_12-02-2021/simulation_grad_real_20.pickle,mps,2.2757055444204664,4.120602634894907,3.5584045108377933,5.957920890115939,0.011433189535573257
33,/home/nevena/data_tsanfleuron/mps/simu_mps_param_8_12-02-2021/simulation_hill_real_8.pickle,mps,0.31662186306246193,2.791235221902652,0.35044441624879835,3.7907340182201215,0.014609752696920008
34,/home/nevena/data_tsanfleuron/mps/simu_mps_param_8_12-02-2021/simulation_hill_real_7.pickle,mps,1.767606175171769,3.696483794404273,3.018438419554383,5.310084425918515,0.011699577065655498
35,/home/nevena/data_tsanfleuron/mps/simu_mps_param_8_12-02-2021/simulation_hill_real_19.pickle,mps,0.6217733063176173,3.6720173016207327,1.04028257506378,5.072947555487168,0.014468118315172657
36,/home/nevena/data_tsanfleuron/mps/simu_mps_param_8_12-02-2021/simulation_hill_real_16.pickle,mps,1.3087799031369827,2.9454548984975966,1.8989879127237947,4.037272871424676,0.015400173185142535
37,/home/nevena/data_tsanfleuron/mps/simu_mps_param_8_12-02-2021/simulation_hill_real_20.pickle,mps,1.4162562595731878,3.71818427021466,2.147361843714863,5.22483301901401,0.010906242006278561
38,/home/nevena/data_tsanfleuron/mps/simu_mps_param_8_12-02-2021/simulation_grad_real_3.pickle,mps,0.50612425543851,3.0931767211909054,0.7746524956934153,4.059495268970352,0.011919053165234311
39,/home/nevena/data_tsanfleuron/mps/simu_mps_param_8_12-02-2021/simulation_hill_real_5.pickle,mps,0.7793873335569387,3.619596333624069,1.162431876816973,5.013278387838775,0.011771262252433117
40,/home/nevena/data_tsanfleuron/mps/simu_mps_param_8_12-02-2021/simulation_hill_real_0.pickle,mps,0.973640512011291,3.1899813762694715,1.317428417692706,4.19032900267955,0.00950386639063126
41,/home/nevena/data_tsanfleuron/mps/simu_mps_param_8_12-02-2021/simulation_grad_real_13.pickle,mps,3.908808198178248,6.095684123885364,5.4850807571645825,8.3007539030633,0.016591188713902378
42,/home/nevena/data_tsanfleuron/mps/simu_mps_param_8_12-02-2021/simulation_hill_real_23.pickle,mps,4.304943597529728,5.1853762617610695,5.887866468296201,7.315505604072651,0.0147299725946608
43,/home/nevena/data_tsanfleuron/mps/simu_mps_param_8_12-02-2021/simulation_hill_real_15.pickle,mps,0.3895691735949241,3.1499381405952134,0.5363072255924344,4.339219461584791,0.01070105438489416
44,/home/nevena/data_tsanfleuron/mps/simu_mps_param_8_12-02-2021/simulation_hill_real_14.pickle,mps,0.4503138352036671,3.709986474878393,0.523838100746274,5.095148926191158,0.013625377111196296
45,/home/nevena/data_tsanfleuron/mps/simu_mps_param_8_12-02-2021/simulation_grad_real_6.pickle,mps,0.830986492401376,3.1454542922009003,0.20187310095317662,4.315699587528396,0.010766426883340025
46,/home/nevena/data_tsanfleuron/mps/simu_mps_param_8_12-02-2021/simulation_grad_real_19.pickle,mps,1.017195859214973,3.7587913627509666,1.5058061447441577,5.1800178268982755,0.015545302120953747
47,/home/nevena/data_tsanfleuron/mps/simu_mps_param_8_12-02-2021/simulation_grad_real_21.pickle,mps,3.5320784389443225,3.9427589442210453,4.45985184629336,5.612779578921628,0.012863036921317766
48,/home/nevena/data_tsanfleuron/mps/simu_mps_param_2_12-02-2021/simulation_grad_real_1.pickle,mps,3.41688825070273,5.062592171751788,4.310943839151039,6.694991664831955,0.020655680097008015
49,/home/nevena/data_tsanfleuron/mps/simu_mps_param_2_12-02-2021/simulation_hill_real_4.pickle,mps,0.39624307237646006,2.802012515345823,0.5964288617663085,3.641525133753504,0.01601578963844779
50,/home/nevena/data_tsanfleuron/mps/simu_mps_param_2_12-02-2021/simulation_hill_real_10.pickle,mps,2.8182613725474055,4.24334587196965,3.317278448082879,5.373630299993279,0.017710638912599608
51,/home/nevena/data_tsanfleuron/mps/simu_mps_param_2_12-02-2021/simulation_grad_real_11.pickle,mps,2.4275188657418534,3.423386120203923,3.0981968721073123,4.559035475521395,0.026816745570326227
52,/home/nevena/data_tsanfleuron/mps/simu_mps_param_2_12-02-2021/simulation_grad_real_2.pickle,mps,0.13235816703923375,3.244991588988118,0.15268937925025822,4.206399814843868,0.018860930352340093
53,/home/nevena/data_tsanfleuron/mps/simu_mps_param_2_12-02-2021/simulation_grad_real_0.pickle,mps,0.5986700297047888,3.0707637242234345,0.8802039723027498,4.158493437327795,0.01811928050040264
54,/home/nevena/data_tsanfleuron/mps/simu_mps_param_2_12-02-2021/simulation_grad_real_7.pickle,mps,2.619879145919573,4.2613675207921595,3.51207212360315,5.563007738081562,0.016232591506821287
55,/home/nevena/data_tsanfleuron/mps/simu_mps_param_2_12-02-2021/simulation_grad_real_5.pickle,mps,0.4323913063911434,4.009154687251424,0.5971479616772384,5.152293312708095,0.01847456939558228
56,/home/nevena/data_tsanfleuron/mps/simu_mps_param_2_12-02-2021/simulation_hill_real_12.pickle,mps,1.849424538570904,5.134854138444976,2.386971596757695,6.377758466258505,0.014852892530192402
57,/home/nevena/data_tsanfleuron/mps/simu_mps_param_2_12-02-2021/simulation_grad_real_8.pickle,mps,0.31438608770593696,2.951741668729033,0.49983143594935536,3.844257501282837,0.018572339232756772
58,/home/nevena/data_tsanfleuron/mps/simu_mps_param_2_12-02-2021/simulation_hill_real_22.pickle,mps,0.6419918420003532,4.095360177240967,0.9617496575407684,5.193592167172914,0.01652390954668167
59,/home/nevena/data_tsanfleuron/mps/simu_mps_param_2_12-02-2021/simulation_grad_real_15.pickle,mps,0.4981085492702021,3.3950471353912586,0.8027374249868094,4.447317203121502,0.016395320372861472
60,/home/nevena/data_tsanfleuron/mps/simu_mps_param_2_12-02-2021/simulation_grad_real_22.pickle,mps,0.6259315696418417,4.0542525642157115,0.9662393864501267,5.184787488461056,0.01781297587935749
61,/home/nevena/data_tsanfleuron/mps/simu_mps_param_2_12-02-2021/simulation_hill_real_17.pickle,mps,0.4466081203299337,3.0399234279170173,0.7821620828043669,3.8843512506790328,0.02069913620827917
62,/home/nevena/data_tsanfleuron/mps/simu_mps_param_2_12-02-2021/simulation_hill_real_18.pickle,mps,1.5220109321937434,2.7325142493147796,2.105361705473438,3.621553575936114,0.02228623138696757
63,/home/nevena/data_tsanfleuron/mps/simu_mps_param_2_12-02-2021/simulation_hill_real_3.pickle,mps,0.47356352848332844,3.0258554217504927,0.7794711033742875,3.9530582638448295,0.016351999636328034
64,/home/nevena/data_tsanfleuron/mps/simu_mps_param_2_12-02-2021/simulation_grad_real_12.pickle,mps,2.1552908942192928,5.2606808227453214,2.655094645232707,6.533840408311069,0.016465703777168484
65,/home/nevena/data_tsanfleuron/mps/simu_mps_param_2_12-02-2021/simulation_hill_real_1.pickle,mps,3.374318972503892,4.971217185333749,4.256162062940001,6.580111551287584,0.01933986222194664
66,/home/nevena/data_tsanfleuron/mps/simu_mps_param_2_12-02-2021/simulation_grad_real_10.pickle,mps,2.8953409023023173,4.239456744619226,3.342419836552441,5.381886783537014,0.01921021499170548
67,/home/nevena/data_tsanfleuron/mps/simu_mps_param_2_12-02-2021/simulation_hill_real_6.pickle,mps,0.36312923523487683,3.2482671187818606,0.09602805972397327,4.285368804903994,0.016680030627229704
68,/home/nevena/data_tsanfleuron/mps/simu_mps_param_2_12-02-2021/simulation_grad_real_18.pickle,mps,1.5403139772085743,2.6971327077683798,1.93198492314741,3.5548371510319674,0.023561692142043632
69,/home/nevena/data_tsanfleuron/mps/simu_mps_param_2_12-02-2021/simulation_grad_real_16.pickle,mps,1.4493798954381978,3.0780850884571733,1.9211541963666678,4.038667018349974,0.02360447712105728
70,/home/nevena/data_tsanfleuron/mps/simu_mps_param_2_12-02-2021/simulation_hill_real_9.pickle,mps,3.6979856657921872,5.243004557655894,4.517262169303745,6.510966155250441,0.01656119190620589
71,/home/nevena/data_tsanfleuron/mps/simu_mps_param_2_12-02-2021/simulation_grad_real_4.pickle,mps,0.32259678314702145,2.818404350196969,0.5183779716871679,3.6517373318092052,0.016957729697170902
72,/home/nevena/data_tsanfleuron/mps/simu_mps_param_2_12-02-2021/simulation_grad_real_9.pickle,mps,3.9720837487308045,5.363603515343405,4.80887876836881,6.657833301582289,0.0181205205263087
73,/home/nevena/data_tsanfleuron/mps/simu_mps_param_2_12-02-2021/simulation_hill_real_13.pickle,mps,5.307448144680092,7.007332234578554,6.01291344477199,8.519618753572388,0.01784114131465427
74,/home/nevena/data_tsanfleuron/mps/simu_mps_param_2_12-02-2021/simulation_hill_real_2.pickle,mps,0.10489493306543887,3.337647695601468,0.018119471035525202,4.297231435995219,0.018382435297554935
75,/home/nevena/data_tsanfleuron/mps/simu_mps_param_2_12-02-2021/simulation_grad_real_23.pickle,mps,4.418685365103246,5.545210004729548,5.206676619914174,6.933637960558495,0.01794622998188819
76,/home/nevena/data_tsanfleuron/mps/simu_mps_param_2_12-02-2021/simulation_hill_real_21.pickle,mps,3.9004088207440715,4.432450168225248,4.394091557600349,5.638187956181984,0.016887988801733304
77,/home/nevena/data_tsanfleuron/mps/simu_mps_param_2_12-02-2021/simulation_grad_real_14.pickle,mps,0.20638203942133906,3.9999348463698623,0.018578208538889883,5.079061975148683,0.017413060820193244
78,/home/nevena/data_tsanfleuron/mps/simu_mps_param_2_12-02-2021/simulation_grad_real_17.pickle,mps,0.5638634118435728,3.0917650014688807,0.8218572438172995,3.9185400944040643,0.021703456833411787
79,/home/nevena/data_tsanfleuron/mps/simu_mps_param_2_12-02-2021/simulation_hill_real_11.pickle,mps,2.6185968861678317,3.6520993162232407,3.183151648297161,4.748237556856205,0.025141098352657088
80,/home/nevena/data_tsanfleuron/mps/simu_mps_param_2_12-02-2021/simulation_grad_real_20.pickle,mps,2.08275486306112,4.08930404788957,2.790988494576886,5.40120715903995,0.015568703710787469
81,/home/nevena/data_tsanfleuron/mps/simu_mps_param_2_12-02-2021/simulation_hill_real_8.pickle,mps,0.3549500048613003,2.960973588686702,0.5976057150661945,3.8629944777760983,0.01711317693226554
82,/home/nevena/data_tsanfleuron/mps/simu_mps_param_2_12-02-2021/simulation_hill_real_7.pickle,mps,2.346140704479697,4.1069788448773465,3.1669609539914876,5.390203786295035,0.014888165331959418
83,/home/nevena/data_tsanfleuron/mps/simu_mps_param_2_12-02-2021/simulation_hill_real_19.pickle,mps,1.0535991468638206,4.090197923289154,1.3832034765653314,5.100892539500426,0.016751042429323015
84,/home/nevena/data_tsanfleuron/mps/simu_mps_param_2_12-02-2021/simulation_hill_real_16.pickle,mps,1.4146272107576934,3.074834756643896,1.900417443882674,4.074242558532022,0.022844965825468327
85,/home/nevena/data_tsanfleuron/mps/simu_mps_param_2_12-02-2021/simulation_hill_real_20.pickle,mps,2.276887629452407,4.175339882176034,2.7659685946173966,5.412785648115896,0.014900903895614964
86,/home/nevena/data_tsanfleuron/mps/simu_mps_param_2_12-02-2021/simulation_grad_real_3.pickle,mps,0.3656786296124016,3.0214139402775313,0.6117568264506758,3.894655911819281,0.017645514993141882
87,/home/nevena/data_tsanfleuron/mps/simu_mps_param_2_12-02-2021/simulation_hill_real_5.pickle,mps,0.45445570915037686,4.183252405293676,0.8100593668967485,5.4231813072017045,0.01687498572688816
88,/home/nevena/data_tsanfleuron/mps/simu_mps_param_2_12-02-2021/simulation_hill_real_0.pickle,mps,0.7065797029304783,3.045521076567995,1.0928880795828997,4.117758645688582,0.016744707012703558
89,/home/nevena/data_tsanfleuron/mps/simu_mps_param_2_12-02-2021/simulation_grad_real_13.pickle,mps,5.066007147389999,7.0090793797320075,5.928578208252787,8.57005132910415,0.019355159106472487
90,/home/nevena/data_tsanfleuron/mps/simu_mps_param_2_12-02-2021/simulation_hill_real_23.pickle,mps,4.8425009698379675,5.777960829652708,5.5165405418004845,7.167905119854497,0.01633554732067946
91,/home/nevena/data_tsanfleuron/mps/simu_mps_param_2_12-02-2021/simulation_hill_real_15.pickle,mps,0.36121604687972136,3.476775032686184,0.5855204025473446,4.5035084803718926,0.01514150102656081
92,/home/nevena/data_tsanfleuron/mps/simu_mps_param_2_12-02-2021/simulation_hill_real_14.pickle,mps,0.31055097413242494,3.909686821105839,0.13625282876454295,5.020117943860065,0.015745882949394933
93,/home/nevena/data_tsanfleuron/mps/simu_mps_param_2_12-02-2021/simulation_grad_real_6.pickle,mps,0.369191082629518,3.294946761123421,0.2916439165446907,4.372178257239954,0.01829962936412986
94,/home/nevena/data_tsanfleuron/mps/simu_mps_param_2_12-02-2021/simulation_grad_real_19.pickle,mps,1.0889471044811811,4.055693861798747,1.4453097857747226,5.111635574805346,0.018489990284490082
95,/home/nevena/data_tsanfleuron/mps/simu_mps_param_2_12-02-2021/simulation_grad_real_21.pickle,mps,3.7117875007688084,4.24808288989859,4.191267289980501,5.4365570118344255,0.0178195553839682
96,/home/nevena/data_tsanfleuron/mps/simu_mps_param_0_12-02-2021/simulation_grad_real_1.pickle,mps,2.856728030568222,4.95074666059095,4.082111504950746,6.645790153309187,0.01935518841890113
97,/home/nevena/data_tsanfleuron/mps/simu_mps_param_0_12-02-2021/simulation_hill_real_4.pickle,mps,0.3990357409275991,2.6969013719068977,0.6474959350746126,3.5491369132213455,0.015280425352192544
98,/home/nevena/data_tsanfleuron/mps/simu_mps_param_0_12-02-2021/simulation_hill_real_10.pickle,mps,2.7656910877720593,4.013382261587108,3.2144801250930874,5.1265085905110475,0.01711860105375253
99,/home/nevena/data_tsanfleuron/mps/simu_mps_param_0_12-02-2021/simulation_grad_real_11.pickle,mps,2.565741349469866,3.5353107272661686,3.222494993375987,4.746451614696819,0.025265833308684017
100,/home/nevena/data_tsanfleuron/mps/simu_mps_param_0_12-02-2021/simulation_grad_real_2.pickle,mps,0.2007090503410015,3.2582721705236533,0.08566243420317768,4.210114557226511,0.017991040239159234
101,/home/nevena/data_tsanfleuron/mps/simu_mps_param_0_12-02-2021/simulation_grad_real_0.pickle,mps,0.6928958629511169,2.9863568548290433,0.5302970992621034,3.929536595405303,0.017249992411371214
102,/home/nevena/data_tsanfleuron/mps/simu_mps_param_0_12-02-2021/simulation_grad_real_7.pickle,mps,2.221836403602084,4.022196685309812,3.0774510004945097,5.285747357984,0.015152760420239275
103,/home/nevena/data_tsanfleuron/mps/simu_mps_param_0_12-02-2021/simulation_grad_real_5.pickle,mps,0.5029204381744006,3.760433659163484,0.8527816742010415,4.892046549150451,0.017782160120298714
104,/home/nevena/data_tsanfleuron/mps/simu_mps_param_0_12-02-2021/simulation_hill_real_12.pickle,mps,1.901838598488696,5.027386230044777,2.380596044294909,6.2133474463311895,0.013962647461541694
105,/home/nevena/data_tsanfleuron/mps/simu_mps_param_0_12-02-2021/simulation_grad_real_8.pickle,mps,0.22022224365162268,2.871594386567262,0.26374421516470614,3.737243551405713,0.01754278385220715
106,/home/nevena/data_tsanfleuron/mps/simu_mps_param_0_12-02-2021/simulation_hill_real_22.pickle,mps,0.5792709460909009,4.06098172851663,0.8540690538421274,5.1901380155025665,0.015608510220506511
107,/home/nevena/data_tsanfleuron/mps/simu_mps_param_0_12-02-2021/simulation_grad_real_15.pickle,mps,0.25079879274979866,3.328283294967356,0.3605854990888387,4.315911285188076,0.015439016186437999
108,/home/nevena/data_tsanfleuron/mps/simu_mps_param_0_12-02-2021/simulation_grad_real_22.pickle,mps,0.7961162201265237,4.071226758430145,1.1374483954355121,5.168423921016117,0.01703215488672119
109,/home/nevena/data_tsanfleuron/mps/simu_mps_param_0_12-02-2021/simulation_hill_real_17.pickle,mps,0.35272219452147374,3.0459233866802378,0.5772979915928096,3.865333624594081,0.019778337150247172
110,/home/nevena/data_tsanfleuron/mps/simu_mps_param_0_12-02-2021/simulation_hill_real_18.pickle,mps,1.3382960128618462,2.6917660979258016,1.8749024313077332,3.519624509294657,0.02132711252929918
111,/home/nevena/data_tsanfleuron/mps/simu_mps_param_0_12-02-2021/simulation_hill_real_3.pickle,mps,0.42357867388794107,3.015331464214055,0.6110388623129577,3.9268654686794138,0.01544919057250605
112,/home/nevena/data_tsanfleuron/mps/simu_mps_param_0_12-02-2021/simulation_grad_real_12.pickle,mps,2.020426063291592,5.19825584948677,2.5939054031241686,6.446632386541369,0.015193601561618742
113,/home/nevena/data_tsanfleuron/mps/simu_mps_param_0_12-02-2021/simulation_hill_real_1.pickle,mps,2.858232991397604,4.7165032130195454,3.731806019662693,6.261201645131961,0.01820275591336725
114,/home/nevena/data_tsanfleuron/mps/simu_mps_param_0_12-02-2021/simulation_grad_real_10.pickle,mps,2.447126116981116,4.0070005216271385,3.068613996284455,5.126263143000236,0.01824562896391043
115,/home/nevena/data_tsanfleuron/mps/simu_mps_param_0_12-02-2021/simulation_hill_real_6.pickle,mps,0.39124758995738573,3.278537251584163,0.41389422348774974,4.357475487915725,0.015972077003377792
116,/home/nevena/data_tsanfleuron/mps/simu_mps_param_0_12-02-2021/simulation_grad_real_18.pickle,mps,1.5512525610490298,2.691874663940345,2.0466404578309505,3.5089247881483163,0.022234071606848683
117,/home/nevena/data_tsanfleuron/mps/simu_mps_param_0_12-02-2021/simulation_grad_real_16.pickle,mps,1.3619708719332035,3.004405202544195,1.8331688909541817,3.9515066211229213,0.02231348600864876
118,/home/nevena/data_tsanfleuron/mps/simu_mps_param_0_12-02-2021/simulation_hill_real_9.pickle,mps,3.9726022438029283,5.391383903658456,4.590878300906345,6.623398320694064,0.015814089503031852
119,/home/nevena/data_tsanfleuron/mps/simu_mps_param_0_12-02-2021/simulation_grad_real_4.pickle,mps,0.27240741465371593,2.7107314339095834,0.5061242258023471,3.519561064695262,0.016464382108544846
120,/home/nevena/data_tsanfleuron/mps/simu_mps_param_0_12-02-2021/simulation_grad_real_9.pickle,mps,3.8862560151930383,5.378464477374447,4.857987505829707,6.681325088956113,0.016994026211259745
121,/home/nevena/data_tsanfleuron/mps/simu_mps_param_0_12-02-2021/simulation_hill_real_13.pickle,mps,5.125122817733028,7.059489199608175,6.041111948386953,8.582857348602346,0.016633617429911714
122,/home/nevena/data_tsanfleuron/mps/simu_mps_param_0_12-02-2021/simulation_hill_real_2.pickle,mps,0.1494534890501252,3.238665427431923,0.12699077572301032,4.168537394634002,0.017306478173467567
123,/home/nevena/data_tsanfleuron/mps/simu_mps_param_0_12-02-2021/simulation_grad_real_23.pickle,mps,4.0699846692106085,5.333744679813791,4.997385609548166,6.751453892471516,0.016752611338897782
124,/home/nevena/data_tsanfleuron/mps/simu_mps_param_0_12-02-2021/simulation_hill_real_21.pickle,mps,3.634511786065519,4.191429792285872,4.172610719734058,5.377817766096024,0.01595517645789175
125,/home/nevena/data_tsanfleuron/mps/simu_mps_param_0_12-02-2021/simulation_grad_real_14.pickle,mps,0.25147347630629235,3.8713481588675984,0.1713833078633994,4.978298663923934,0.016242199812067554
126,/home/nevena/data_tsanfleuron/mps/simu_mps_param_0_12-02-2021/simulation_grad_real_17.pickle,mps,0.5130037230954027,3.0691008074262647,0.7952469021506607,3.8912045939876303,0.020637772155427885
127,/home/nevena/data_tsanfleuron/mps/simu_mps_param_0_12-02-2021/simulation_hill_real_11.pickle,mps,2.5279463179511747,3.5405592829583714,3.2184238587375726,4.7155352242382715,0.02411459489226774
128,/home/nevena/data_tsanfleuron/mps/simu_mps_param_0_12-02-2021/simulation_grad_real_20.pickle,mps,2.0488115742023427,3.9935286946808564,2.8543416712112726,5.359161364864043,0.0149808286418388
129,/home/nevena/data_tsanfleuron/mps/simu_mps_param_0_12-02-2021/simulation_hill_real_8.pickle,mps,0.30223087217664324,2.905632646105861,0.435763239217177,3.768793243625392,0.016191317119611564
130,/home/nevena/data_tsanfleuron/mps/simu_mps_param_0_12-02-2021/simulation_hill_real_7.pickle,mps,1.8708876598373458,3.9295138131072025,2.8202062345124776,5.1962125366418705,0.013960901542270015
131,/home/nevena/data_tsanfleuron/mps/simu_mps_param_0_12-02-2021/simulation_hill_real_19.pickle,mps,0.94520139415118,4.008447605994813,1.248801864578575,5.001531662854384,0.01581921470766092
132,/home/nevena/data_tsanfleuron/mps/simu_mps_param_0_12-02-2021/simulation_hill_real_16.pickle,mps,1.6710142262995484,3.123597902480559,2.0658854630142454,4.059493583316574,0.021693110558370744
133,/home/nevena/data_tsanfleuron/mps/simu_mps_param_0_12-02-2021/simulation_hill_real_20.pickle,mps,2.0509695183846093,3.9029418276630006,2.642816437961906,5.138529462146705,0.014088188552678682
134,/home/nevena/data_tsanfleuron/mps/simu_mps_param_0_12-02-2021/simulation_grad_real_3.pickle,mps,0.4487756457929357,3.074333402706388,0.7209742028653622,3.973120921103289,0.016693277753948542
135,/home/nevena/data_tsanfleuron/mps/simu_mps_param_0_12-02-2021/simulation_hill_real_5.pickle,mps,0.3912307220744215,3.971386029346535,0.4947541932560503,5.153690942995812,0.016627342887279305
136,/home/nevena/data_tsanfleuron/mps/simu_mps_param_0_12-02-2021/simulation_hill_real_0.pickle,mps,0.550707058987557,2.9555769467165343,0.8261623743850738,3.9775920907234505,0.01608715432824275
137,/home/nevena/data_tsanfleuron/mps/simu_mps_param_0_12-02-2021/simulation_grad_real_13.pickle,mps,4.611701088556469,6.799598194492383,5.57129925430715,8.304053124427812,0.017899056883994575
138,/home/nevena/data_tsanfleuron/mps/simu_mps_param_0_12-02-2021/simulation_hill_real_23.pickle,mps,4.668690085006519,5.68740905554765,5.4372334676660605,7.099048915839854,0.01536052370447868
139,/home/nevena/data_tsanfleuron/mps/simu_mps_param_0_12-02-2021/simulation_hill_real_15.pickle,mps,0.3289962590752628,3.407598419572504,0.6321687418542803,4.423383305987354,0.014334623868665158
140,/home/nevena/data_tsanfleuron/mps/simu_mps_param_0_12-02-2021/simulation_hill_real_14.pickle,mps,0.26670079464953533,3.96852945059017,0.28130756710805,5.03894857757677,0.014732142101149797
141,/home/nevena/data_tsanfleuron/mps/simu_mps_param_0_12-02-2021/simulation_grad_real_6.pickle,mps,0.3812592214191773,3.1543564947793437,0.4146664148055017,4.225150522492313,0.017351075631174117
142,/home/nevena/data_tsanfleuron/mps/simu_mps_param_0_12-02-2021/simulation_grad_real_19.pickle,mps,1.043476902622307,4.079740282794626,1.433193255000189,5.100339474864624,0.01725076006830332
143,/home/nevena/data_tsanfleuron/mps/simu_mps_param_0_12-02-2021/simulation_grad_real_21.pickle,mps,3.7033701472150455,4.231488514879688,4.30123334460333,5.475641802071365,0.01710691537535916
144,/home/nevena/data_tsanfleuron/mps/simu_mps_param_3_12-02-2021/simulation_grad_real_1.pickle,mps,2.826674693071392,4.606317700768428,4.3707413475204255,6.6081307836765175,0.013508324166072616
145,/home/nevena/data_tsanfleuron/mps/simu_mps_param_3_12-02-2021/simulation_hill_real_4.pickle,mps,0.38877126425929065,2.6298963583149595,0.5774865906801074,3.548588342108288,0.01032136192400745
146,/home/nevena/data_tsanfleuron/mps/simu_mps_param_3_12-02-2021/simulation_hill_real_10.pickle,mps,2.685422649825238,3.9794484657716014,3.3982324787762015,5.3438076128549685,0.012478948743826407
147,/home/nevena/data_tsanfleuron/mps/simu_mps_param_3_12-02-2021/simulation_grad_real_11.pickle,mps,2.0588947010944247,3.31036231807959,3.011836342025548,4.608152365727055,0.02104238176706206
148,/home/nevena/data_tsanfleuron/mps/simu_mps_param_3_12-02-2021/simulation_grad_real_2.pickle,mps,0.20058278004094135,2.9919139037684754,0.1595086561881006,4.056661280788171,0.013065016600808832
149,/home/nevena/data_tsanfleuron/mps/simu_mps_param_3_12-02-2021/simulation_grad_real_0.pickle,mps,0.6461453226383368,2.8260897705679535,0.1371423806719482,3.646452334043174,0.011165522284044927
150,/home/nevena/data_tsanfleuron/mps/simu_mps_param_3_12-02-2021/simulation_grad_real_7.pickle,mps,1.6155519106860425,3.6051394254076627,2.383990121272579,5.0591340881233355,0.011016617566333414
151,/home/nevena/data_tsanfleuron/mps/simu_mps_param_3_12-02-2021/simulation_grad_real_5.pickle,mps,0.8137540335902382,3.7674911829966593,1.2700046213980765,5.087327294321929,0.01238206987788562
152,/home/nevena/data_tsanfleuron/mps/simu_mps_param_3_12-02-2021/simulation_hill_real_12.pickle,mps,1.8395762073877981,4.820719473042884,2.4548263825409116,6.299313655177744,0.009933786114842446
153,/home/nevena/data_tsanfleuron/mps/simu_mps_param_3_12-02-2021/simulation_grad_real_8.pickle,mps,0.27418111013727775,2.7134219294725166,0.427496164291352,3.693449949150976,0.0134151926649542
154,/home/nevena/data_tsanfleuron/mps/simu_mps_param_3_12-02-2021/simulation_hill_real_22.pickle,mps,0.5701346580370515,3.948410677194958,0.9026513457175344,5.26674031404485,0.01163479633562417
155,/home/nevena/data_tsanfleuron/mps/simu_mps_param_3_12-02-2021/simulation_grad_real_15.pickle,mps,0.3136201567320396,3.109882119285671,0.2659486902885139,4.23507192078767,0.01088187981034286
156,/home/nevena/data_tsanfleuron/mps/simu_mps_param_3_12-02-2021/simulation_grad_real_22.pickle,mps,0.5514776120185105,3.861525266749737,0.9014992398459464,5.169484092631115,0.012673675612334817
157,/home/nevena/data_tsanfleuron/mps/simu_mps_param_3_12-02-2021/simulation_hill_real_17.pickle,mps,0.4537619082107169,2.91060207063693,0.7069266503296793,3.809147456202218,0.014151196287751466
158,/home/nevena/data_tsanfleuron/mps/simu_mps_param_3_12-02-2021/simulation_hill_real_18.pickle,mps,1.3013302054145481,2.5690556964046456,1.8967699974000454,3.5016014750437074,0.015993745308560896
159,/home/nevena/data_tsanfleuron/mps/simu_mps_param_3_12-02-2021/simulation_hill_real_3.pickle,mps,0.45544604617020634,3.0189609410261005,0.7794186375848949,3.9992329851506465,0.01057684186935468
160,/home/nevena/data_tsanfleuron/mps/simu_mps_param_3_12-02-2021/simulation_grad_real_12.pickle,mps,1.846624528167556,4.982306312338302,2.511776520618051,6.4840177599241,0.011149627865826944
161,/home/nevena/data_tsanfleuron/mps/simu_mps_param_3_12-02-2021/simulation_hill_real_1.pickle,mps,2.731377910772477,4.572907270756885,3.891603469588608,6.334032828400352,0.01258126582738825
162,/home/nevena/data_tsanfleuron/mps/simu_mps_param_3_12-02-2021/simulation_grad_real_10.pickle,mps,2.3820151469606032,3.875289462809974,3.099676129503176,5.138787446828971,0.013796487116596973
163,/home/nevena/data_tsanfleuron/mps/simu_mps_param_3_12-02-2021/simulation_hill_real_6.pickle,mps,0.39750846886539676,3.2151532395900593,0.33124706244841223,4.457118610901884,0.010283193485366543
164,/home/nevena/data_tsanfleuron/mps/simu_mps_param_3_12-02-2021/simulation_grad_real_18.pickle,mps,1.16669966220723,2.5345512082668438,1.780631594614312,3.369529094780179,0.01715895051154794
165,/home/nevena/data_tsanfleuron/mps/simu_mps_param_3_12-02-2021/simulation_grad_real_16.pickle,mps,1.2737958536463911,2.9186198448005465,1.9185550508342684,3.9611056822288933,0.01589408417346368
166,/home/nevena/data_tsanfleuron/mps/simu_mps_param_3_12-02-2021/simulation_hill_real_9.pickle,mps,3.436830508844042,4.96314036121788,4.283582905060053,6.4345594610600605,0.011519923603353095
167,/home/nevena/data_tsanfleuron/mps/simu_mps_param_3_12-02-2021/simulation_grad_real_4.pickle,mps,0.43872858600235987,2.6774610954051754,0.6831319435648621,3.577223300149679,0.011416687989276475
168,/home/nevena/data_tsanfleuron/mps/simu_mps_param_3_12-02-2021/simulation_grad_real_9.pickle,mps,3.509969156899159,5.1748271183938455,4.702043434836716,6.682068562260383,0.012635218520295977
169,/home/nevena/data_tsanfleuron/mps/simu_mps_param_3_12-02-2021/simulation_hill_real_13.pickle,mps,4.5148605540915385,6.513205900030165,5.841121321078017,8.372199715546007,0.012571494752160245
170,/home/nevena/data_tsanfleuron/mps/simu_mps_param_3_12-02-2021/simulation_hill_real_2.pickle,mps,0.19730912953771834,3.1153628643890188,0.09289284615889193,4.167592359672137,0.012511460885945663
171,/home/nevena/data_tsanfleuron/mps/simu_mps_param_3_12-02-2021/simulation_grad_real_23.pickle,mps,3.342349184031633,4.673014201256996,4.383776880978793,6.257072911073429,0.012808651684970496
172,/home/nevena/data_tsanfleuron/mps/simu_mps_param_3_12-02-2021/simulation_hill_real_21.pickle,mps,3.5652910143714713,4.093907552521943,4.318346285663545,5.546474103291379,0.010929649565579801
173,/home/nevena/data_tsanfleuron/mps/simu_mps_param_3_12-02-2021/simulation_grad_real_14.pickle,mps,0.48001423348942773,3.7357034431196006,0.07949515865780414,5.017698775673889,0.01212190615582993
174,/home/nevena/data_tsanfleuron/mps/simu_mps_param_3_12-02-2021/simulation_grad_real_17.pickle,mps,0.4229603742208598,2.893433249771411,0.745439101164788,3.8762698988862,0.01493847174669719
175,/home/nevena/data_tsanfleuron/mps/simu_mps_param_3_12-02-2021/simulation_hill_real_11.pickle,mps,2.155253746785644,3.326623400361244,3.1504395096063615,4.663573368683344,0.019999198444127453
176,/home/nevena/data_tsanfleuron/mps/simu_mps_param_3_12-02-2021/simulation_grad_real_20.pickle,mps,1.6659343379843694,3.7475624020430303,2.7316206784240897,5.271949448699384,0.010392622817189667
177,/home/nevena/data_tsanfleuron/mps/simu_mps_param_3_12-02-2021/simulation_hill_real_8.pickle,mps,0.33894360955793185,2.765118516222248,0.4244250033456832,3.7527023588882447,0.01223534813227895
178,/home/nevena/data_tsanfleuron/mps/simu_mps_param_3_12-02-2021/simulation_hill_real_7.pickle,mps,1.952052588379361,3.7770610768477666,2.9728468041174114,5.23647039330981,0.009958180872978385
179,/home/nevena/data_tsanfleuron/mps/simu_mps_param_3_12-02-2021/simulation_hill_real_19.pickle,mps,0.8242209072533606,3.8608802935341417,1.285389028706029,5.086557639371514,0.011826277726624795
180,/home/nevena/data_tsanfleuron/mps/simu_mps_param_3_12-02-2021/simulation_hill_real_16.pickle,mps,1.495137991569288,3.012193015700556,2.05294464074187,4.0771137191963875,0.01536813092680922
181,/home/nevena/data_tsanfleuron/mps/simu_mps_param_3_12-02-2021/simulation_hill_real_20.pickle,mps,1.9359332900856736,3.8326423589193035,2.680265534539148,5.295643467294113,0.009824211755580847
182,/home/nevena/data_tsanfleuron/mps/simu_mps_param_3_12-02-2021/simulation_grad_real_3.pickle,mps,0.37967928418239355,3.0938482911861658,0.5270203080385923,3.9886763549794604,0.011621812285580856
183,/home/nevena/data_tsanfleuron/mps/simu_mps_param_3_12-02-2021/simulation_hill_real_5.pickle,mps,0.4920586179244772,3.731103211993448,0.3247518577091396,5.108454464793997,0.011395438347038822
184,/home/nevena/data_tsanfleuron/mps/simu_mps_param_3_12-02-2021/simulation_hill_real_0.pickle,mps,0.8775604924491102,3.181199458877582,1.3853826545238497,4.357395429223825,0.00996278967778974
185,/home/nevena/data_tsanfleuron/mps/simu_mps_param_3_12-02-2021/simulation_grad_real_13.pickle,mps,4.39373327390208,6.44015729567271,5.584752982738241,8.373982645794161,0.013798843768437674
186,/home/nevena/data_tsanfleuron/mps/simu_mps_param_3_12-02-2021/simulation_hill_real_23.pickle,mps,4.251034421825745,5.224921407156089,5.2646760208629075,6.879440312412698,0.011613449997222308
187,/home/nevena/data_tsanfleuron/mps/simu_mps_param_3_12-02-2021/simulation_hill_real_15.pickle,mps,0.3788135689328257,3.2785056619666735,0.615299825143069,4.488049069259847,0.009738758760868582
188,/home/nevena/data_tsanfleuron/mps/simu_mps_param_3_12-02-2021/simulation_hill_real_14.pickle,mps,0.37024290787330394,3.755755050125295,0.06003616336397827,5.033740621085617,0.010894393749727954
189,/home/nevena/data_tsanfleuron/mps/simu_mps_param_3_12-02-2021/simulation_grad_real_6.pickle,mps,0.5261899728404005,3.1268460896071697,0.166717789953202,4.31237094955129,0.01148256211037329
190,/home/nevena/data_tsanfleuron/mps/simu_mps_param_3_12-02-2021/simulation_grad_real_19.pickle,mps,0.7074359447940886,3.802045986444822,1.148762799560651,5.01667354005317,0.012842695255905562
191,/home/nevena/data_tsanfleuron/mps/simu_mps_param_3_12-02-2021/simulation_grad_real_21.pickle,mps,3.192966223525533,3.8380237310095535,3.9994580956213177,5.293784850730323,0.012175531736723273
192,/home/nevena/data_tsanfleuron/mps/simu_mps_param_7_12-02-2021/simulation_grad_real_1.pickle,mps,2.7327687269545384,4.506803509504511,4.09782457658425,6.596161336394936,0.013254656018909555
193,/home/nevena/data_tsanfleuron/mps/simu_mps_param_7_12-02-2021/simulation_hill_real_4.pickle,mps,0.3376666239548461,2.617552397887806,0.3633857724111527,3.443697428879504,0.010037300473519912
194,/home/nevena/data_tsanfleuron/mps/simu_mps_param_7_12-02-2021/simulation_hill_real_10.pickle,mps,2.349944226565345,3.784808659138242,3.4687304585073147,5.325823357901782,0.014444907677429364
195,/home/nevena/data_tsanfleuron/mps/simu_mps_param_7_12-02-2021/simulation_grad_real_11.pickle,mps,2.103056936985595,3.3199354151223153,3.1538240797501054,4.67916184686334,0.024515785527983603
196,/home/nevena/data_tsanfleuron/mps/simu_mps_param_7_12-02-2021/simulation_grad_real_2.pickle,mps,0.26229225669764206,3.076972316581537,0.2260969354480505,4.257253660650058,0.013637276454076707
197,/home/nevena/data_tsanfleuron/mps/simu_mps_param_7_12-02-2021/simulation_grad_real_0.pickle,mps,1.107116112911139,3.241626204669454,1.6581543228141964,4.303816870990123,0.010353746550350318
198,/home/nevena/data_tsanfleuron/mps/simu_mps_param_7_12-02-2021/simulation_grad_real_7.pickle,mps,2.2648649064620274,3.852364141106588,3.4668048045210544,5.478267448728201,0.012961312298925037
199,/home/nevena/data_tsanfleuron/mps/simu_mps_param_7_12-02-2021/simulation_grad_real_5.pickle,mps,0.8073819337443521,3.608407605999775,0.9030536544330419,4.9778132371441695,0.013022564327818537
200,/home/nevena/data_tsanfleuron/mps/simu_mps_param_7_12-02-2021/simulation_hill_real_12.pickle,mps,1.510916659140517,4.564235111643898,2.2538843240067363,6.363893360656425,0.012102563476532357
201,/home/nevena/data_tsanfleuron/mps/simu_mps_param_7_12-02-2021/simulation_grad_real_8.pickle,mps,0.39055828533430004,2.7227559484318613,0.34340493962280455,3.7473907870827605,0.01566932059056634
202,/home/nevena/data_tsanfleuron/mps/simu_mps_param_7_12-02-2021/simulation_hill_real_22.pickle,mps,0.5071872328113097,3.729382048212261,0.8600323411587625,5.307709340117122,0.013835533404033807
203,/home/nevena/data_tsanfleuron/mps/simu_mps_param_7_12-02-2021/simulation_grad_real_15.pickle,mps,0.41854166147308747,3.2174109450987602,0.6674360014475882,4.462512037611141,0.011374007085797406
204,/home/nevena/data_tsanfleuron/mps/simu_mps_param_7_12-02-2021/simulation_grad_real_22.pickle,mps,0.4627887694987378,3.694758691112591,0.48523297074064614,5.252838690132159,0.014960580326911378
205,/home/nevena/data_tsanfleuron/mps/simu_mps_param_7_12-02-2021/simulation_hill_real_17.pickle,mps,0.38715238074323016,2.937599308263336,0.6996606864459812,3.873320165345508,0.01493722803906799
206,/home/nevena/data_tsanfleuron/mps/simu_mps_param_7_12-02-2021/simulation_hill_real_18.pickle,mps,1.128065752891818,2.682501003208204,1.8257737061806023,3.5068062608641006,0.017850059913182253
207,/home/nevena/data_tsanfleuron/mps/simu_mps_param_7_12-02-2021/simulation_hill_real_3.pickle,mps,0.7586073230201855,3.004484872494848,1.082098688212782,4.113413638087461,0.011148508471602231
208,/home/nevena/data_tsanfleuron/mps/simu_mps_param_7_12-02-2021/simulation_grad_real_12.pickle,mps,1.4694288956561592,4.503642330651922,2.2674680172346533,6.210126409383181,0.012938978001583158
209,/home/nevena/data_tsanfleuron/mps/simu_mps_param_7_12-02-2021/simulation_hill_real_1.pickle,mps,3.2250769550449103,4.964176011329707,5.051378855486587,7.296344572145046,0.012580244536766183
210,/home/nevena/data_tsanfleuron/mps/simu_mps_param_7_12-02-2021/simulation_grad_real_10.pickle,mps,2.0529238096874987,3.742752115968988,2.970896516243741,5.210027609426491,0.015388122075599187
211,/home/nevena/data_tsanfleuron/mps/simu_mps_param_7_12-02-2021/simulation_hill_real_6.pickle,mps,0.6972957296221304,3.0276436025448925,0.7177842138443142,4.22328745366749,0.009912877292799067
212,/home/nevena/data_tsanfleuron/mps/simu_mps_param_7_12-02-2021/simulation_grad_real_18.pickle,mps,1.3767227620361049,2.6691447937237918,2.078451430093497,3.483779409094101,0.01897445589313007
213,/home/nevena/data_tsanfleuron/mps/simu_mps_param_7_12-02-2021/simulation_grad_real_16.pickle,mps,0.9763982607233878,2.8941975378137323,1.4982710912890733,3.935143348208353,0.01607006995171516
214,/home/nevena/data_tsanfleuron/mps/simu_mps_param_7_12-02-2021/simulation_hill_real_9.pickle,mps,2.6469698544260343,4.767776091320934,4.043560940998048,6.38370948972194,0.014628083337798543
215,/home/nevena/data_tsanfleuron/mps/simu_mps_param_7_12-02-2021/simulation_grad_real_4.pickle,mps,0.48329396364292243,2.7743426885312,0.8658271410439164,3.7706894098713417,0.010950738238028685
216,/home/nevena/data_tsanfleuron/mps/simu_mps_param_7_12-02-2021/simulation_grad_real_9.pickle,mps,3.177012320668473,4.922908437832342,4.707693821381405,6.587136536349871,0.015873367556296043
217,/home/nevena/data_tsanfleuron/mps/simu_mps_param_7_12-02-2021/simulation_hill_real_13.pickle,mps,4.27602702258573,6.20254942971076,6.167905561254173,8.545497055554785,0.015482597766436883
218,/home/nevena/data_tsanfleuron/mps/simu_mps_param_7_12-02-2021/simulation_hill_real_2.pickle,mps,0.2561090891891277,2.9974629588841517,0.14253176189139485,4.143339258319387,0.012822807852700758
219,/home/nevena/data_tsanfleuron/mps/simu_mps_param_7_12-02-2021/simulation_grad_real_23.pickle,mps,3.6730635319210654,4.885683803884912,5.136750069545582,6.804145962280063,0.015889090491251544
220,/home/nevena/data_tsanfleuron/mps/simu_mps_param_7_12-02-2021/simulation_hill_real_21.pickle,mps,3.627364574284847,4.058226217381481,4.560327739440649,5.724113849600868,0.011700575164960324
221,/home/nevena/data_tsanfleuron/mps/simu_mps_param_7_12-02-2021/simulation_grad_real_14.pickle,mps,0.6443432258545024,3.6640001015031203,0.003775997353717685,5.06423528095573,0.015178150584453393
222,/home/nevena/data_tsanfleuron/mps/simu_mps_param_7_12-02-2021/simulation_grad_real_17.pickle,mps,0.3908085504914876,2.9241689342451025,0.6043267767261714,3.902688087189514,0.01568220096626899
223,/home/nevena/data_tsanfleuron/mps/simu_mps_param_7_12-02-2021/simulation_hill_real_11.pickle,mps,1.8382475226416033,3.330041994392427,3.0265927118811753,4.70112366932416,0.023224474915110527
224,/home/nevena/data_tsanfleuron/mps/simu_mps_param_7_12-02-2021/simulation_grad_real_20.pickle,mps,2.3930180108127077,4.151109614412909,3.5377316265530885,5.965361735281415,0.011513436047869658
225,/home/nevena/data_tsanfleuron/mps/simu_mps_param_7_12-02-2021/simulation_hill_real_8.pickle,mps,0.3431977143392169,2.792748887058163,0.40756617935448886,3.7827410786824607,0.014604843328041444
226,/home/nevena/data_tsanfleuron/mps/simu_mps_param_7_12-02-2021/simulation_hill_real_7.pickle,mps,1.7858066756447544,3.790190740306803,3.125599831144139,5.404031791459053,0.01184771720403759
227,/home/nevena/data_tsanfleuron/mps/simu_mps_param_7_12-02-2021/simulation_hill_real_19.pickle,mps,0.6564827027908001,3.6585876365558754,1.1218556676391511,5.060326818234192,0.014543442480304824
228,/home/nevena/data_tsanfleuron/mps/simu_mps_param_7_12-02-2021/simulation_hill_real_16.pickle,mps,1.257808172457911,2.9610144381040375,1.8535710956208407,4.043319799997329,0.015472671404364879
229,/home/nevena/data_tsanfleuron/mps/simu_mps_param_7_12-02-2021/simulation_hill_real_20.pickle,mps,1.4830599189866043,3.7016102289754604,2.391710649918765,5.288328263919245,0.0109962810041833
230,/home/nevena/data_tsanfleuron/mps/simu_mps_param_7_12-02-2021/simulation_grad_real_3.pickle,mps,0.5301744117910139,3.0533787934567345,0.8797021996397525,4.120822090958665,0.011953164497635161
231,/home/nevena/data_tsanfleuron/mps/simu_mps_param_7_12-02-2021/simulation_hill_real_5.pickle,mps,0.746946017154658,3.5410708272525424,1.3938614615030587,4.892274547237091,0.01195948411376287
232,/home/nevena/data_tsanfleuron/mps/simu_mps_param_7_12-02-2021/simulation_hill_real_0.pickle,mps,1.2341906521894168,3.322068595644274,1.4824524874702094,4.358741549726499,0.009390426282456465
233,/home/nevena/data_tsanfleuron/mps/simu_mps_param_7_12-02-2021/simulation_grad_real_13.pickle,mps,3.980398255196329,6.101549765610937,5.48510879279077,8.277129626731929,0.016615272968857526
234,/home/nevena/data_tsanfleuron/mps/simu_mps_param_7_12-02-2021/simulation_hill_real_23.pickle,mps,4.354353781254357,5.318998592873089,5.887731309502572,7.387799281315498,0.014752325171266257
235,/home/nevena/data_tsanfleuron/mps/simu_mps_param_7_12-02-2021/simulation_hill_real_15.pickle,mps,0.39723053704552036,3.0731706740274807,0.5516289769776166,4.261295075399544,0.010762238528645912
236,/home/nevena/data_tsanfleuron/mps/simu_mps_param_7_12-02-2021/simulation_hill_real_14.pickle,mps,0.48986085575913024,3.7123320291521513,0.3989760196302086,5.115499879926505,0.01384479241379194
237,/home/nevena/data_tsanfleuron/mps/simu_mps_param_7_12-02-2021/simulation_grad_real_6.pickle,mps,0.7983164986537271,3.369361934140227,0.5646651252489537,4.643651685550334,0.010773099564607386
238,/home/nevena/data_tsanfleuron/mps/simu_mps_param_7_12-02-2021/simulation_grad_real_19.pickle,mps,1.1112396647410188,3.7511041914353047,1.6823900473974647,5.145570205899394,0.015588637277800322
239,/home/nevena/data_tsanfleuron/mps/simu_mps_param_7_12-02-2021/simulation_grad_real_21.pickle,mps,3.7427136022384384,4.018721430390371,4.566542743678019,5.6804579566424716,0.012929652794620512
240,/home/nevena/data_tsanfleuron/mps/simu_mps_param_5_12-02-2021/simulation_grad_real_1.pickle,mps,3.2672562631211157,4.78745879878864,4.634422136952728,6.885224080525716,0.01437559674148906
241,/home/nevena/data_tsanfleuron/mps/simu_mps_param_5_12-02-2021/simulation_hill_real_4.pickle,mps,0.33885689001646196,2.5998472824065533,0.5651260766290128,3.482579630840878,0.01075648034676599
242,/home/nevena/data_tsanfleuron/mps/simu_mps_param_5_12-02-2021/simulation_hill_real_10.pickle,mps,2.782425001589412,4.086992495592345,3.4293105678986757,5.429395708610573,0.013487017738177638
243,/home/nevena/data_tsanfleuron/mps/simu_mps_param_5_12-02-2021/simulation_grad_real_11.pickle,mps,2.066819863451497,3.2861314515629543,2.7995806375421584,4.5070161803561835,0.02213355599868641
244,/home/nevena/data_tsanfleuron/mps/simu_mps_param_5_12-02-2021/simulation_grad_real_2.pickle,mps,0.18572982271328328,3.1489087085767125,0.0847013472031802,4.206441628407704,0.013761193086819196
245,/home/nevena/data_tsanfleuron/mps/simu_mps_param_5_12-02-2021/simulation_grad_real_0.pickle,mps,0.9552026936724093,3.226716094945587,1.396962377684936,4.503654505731307,0.011853627378080062
246,/home/nevena/data_tsanfleuron/mps/simu_mps_param_5_12-02-2021/simulation_grad_real_7.pickle,mps,2.7278421261941896,4.337133765149538,3.903042777635157,5.8349632691656375,0.012175632564370842
247,/home/nevena/data_tsanfleuron/mps/simu_mps_param_5_12-02-2021/simulation_grad_real_5.pickle,mps,0.42998107615746683,3.706864533648893,0.5326311444021762,4.959534738678046,0.013247472645960778
248,/home/nevena/data_tsanfleuron/mps/simu_mps_param_5_12-02-2021/simulation_hill_real_12.pickle,mps,1.8112582667391632,4.788365718274155,2.521307788518816,6.252006480848201,0.01070834902523044
249,/home/nevena/data_tsanfleuron/mps/simu_mps_param_5_12-02-2021/simulation_grad_real_8.pickle,mps,0.22697308683679066,2.8617761631918404,0.44530986469686035,3.87627434901877,0.014542356370394948
250,/home/nevena/data_tsanfleuron/mps/simu_mps_param_5_12-02-2021/simulation_hill_real_22.pickle,mps,0.5287013900863398,3.848539616330725,0.8307532262865454,5.194331056478739,0.012342019071385213
251,/home/nevena/data_tsanfleuron/mps/simu_mps_param_5_12-02-2021/simulation_grad_real_15.pickle,mps,0.37204333261794553,3.2552993470680054,0.5919409093242138,4.4408641926343115,0.011620599811954735
252,/home/nevena/data_tsanfleuron/mps/simu_mps_param_5_12-02-2021/simulation_grad_real_22.pickle,mps,0.5549821624052622,3.9055983503926304,0.9293931002683938,5.251906618244834,0.013635466803278012
253,/home/nevena/data_tsanfleuron/mps/simu_mps_param_5_12-02-2021/simulation_hill_real_17.pickle,mps,0.4156874002400026,2.9793833527066873,0.7410514212273062,3.9130524498617967,0.014916392282807328
254,/home/nevena/data_tsanfleuron/mps/simu_mps_param_5_12-02-2021/simulation_hill_real_18.pickle,mps,1.2983101913399173,2.638856758737812,2.115946202690154,3.6264776382490367,0.01694514402439524
255,/home/nevena/data_tsanfleuron/mps/simu_mps_param_5_12-02-2021/simulation_hill_real_3.pickle,mps,0.4658930250894953,2.9955127943576327,0.6076583061020822,3.9656001152591895,0.011196510871396698
256,/home/nevena/data_tsanfleuron/mps/simu_mps_param_5_12-02-2021/simulation_grad_real_12.pickle,mps,1.81368759466089,5.041999956810592,2.509656781399995,6.603445862706841,0.012046892155299449
257,/home/nevena/data_tsanfleuron/mps/simu_mps_param_5_12-02-2021/simulation_hill_real_1.pickle,mps,2.8620123778657756,4.5085342289271795,4.080471128126233,6.337128974709547,0.013235078738314709
258,/home/nevena/data_tsanfleuron/mps/simu_mps_param_5_12-02-2021/simulation_grad_real_10.pickle,mps,2.6959496919158243,3.9611219404526956,3.3307059215702117,5.321340082385508,0.014644191884297891
259,/home/nevena/data_tsanfleuron/mps/simu_mps_param_5_12-02-2021/simulation_hill_real_6.pickle,mps,0.5897506133590074,3.195193708100564,0.631872454354167,4.519259340468555,0.010947221258391898
260,/home/nevena/data_tsanfleuron/mps/simu_mps_param_5_12-02-2021/simulation_grad_real_18.pickle,mps,1.4126241818556446,2.654769106980181,2.0909303904511036,3.543931573944754,0.01825817987264609
261,/home/nevena/data_tsanfleuron/mps/simu_mps_param_5_12-02-2021/simulation_grad_real_16.pickle,mps,1.3934162952905782,2.98418914124671,1.9328310762751846,4.071986023703455,0.017038770286389605
262,/home/nevena/data_tsanfleuron/mps/simu_mps_param_5_12-02-2021/simulation_hill_real_9.pickle,mps,2.9078592977765867,4.66092271235103,3.864054786122218,6.20224683059994,0.012716938971628894
263,/home/nevena/data_tsanfleuron/mps/simu_mps_param_5_12-02-2021/simulation_grad_real_4.pickle,mps,0.37262549372190007,2.760446914444884,0.5656334160227329,3.6209645921028706,0.011708155623292854
264,/home/nevena/data_tsanfleuron/mps/simu_mps_param_5_12-02-2021/simulation_grad_real_9.pickle,mps,3.7194686162401704,5.093651571278048,4.681267202349752,6.530780261221674,0.014034971906059535
265,/home/nevena/data_tsanfleuron/mps/simu_mps_param_5_12-02-2021/simulation_hill_real_13.pickle,mps,5.09853617656335,6.784129767201155,6.36744997163713,8.718954414463692,0.013621351685040334
266,/home/nevena/data_tsanfleuron/mps/simu_mps_param_5_12-02-2021/simulation_hill_real_2.pickle,mps,0.21066987836024118,3.198548123743044,0.09554579224660992,4.308940645268354,0.01293820628112365
267,/home/nevena/data_tsanfleuron/mps/simu_mps_param_5_12-02-2021/simulation_grad_real_23.pickle,mps,3.8668649846239322,5.0030803965015656,4.940139411838725,6.722624350196503,0.014015666364223245
268,/home/nevena/data_tsanfleuron/mps/simu_mps_param_5_12-02-2021/simulation_hill_real_21.pickle,mps,3.398564889821431,3.955664718363325,4.077102139983326,5.392015790237586,0.011560546714798298
269,/home/nevena/data_tsanfleuron/mps/simu_mps_param_5_12-02-2021/simulation_grad_real_14.pickle,mps,0.40122099528181293,3.608785255204147,0.37522624018900097,4.858456848644241,0.01341837519215906
270,/home/nevena/data_tsanfleuron/mps/simu_mps_param_5_12-02-2021/simulation_grad_real_17.pickle,mps,0.520772988689036,2.959110102604677,0.8474279973357917,3.888197353658409,0.015991529354901824
271,/home/nevena/data_tsanfleuron/mps/simu_mps_param_5_12-02-2021/simulation_hill_real_11.pickle,mps,2.1296806643050115,3.334128010206422,2.869693338244781,4.584445856483099,0.020680166839797714
272,/home/nevena/data_tsanfleuron/mps/simu_mps_param_5_12-02-2021/simulation_grad_real_20.pickle,mps,2.0143496954174007,4.03616203791463,2.915898760702461,5.566113619100216,0.011057007044015266
273,/home/nevena/data_tsanfleuron/mps/simu_mps_param_5_12-02-2021/simulation_hill_real_8.pickle,mps,0.27390732706922316,2.802786123276645,0.23085016202405095,3.797747123148995,0.013036699340239044
274,/home/nevena/data_tsanfleuron/mps/simu_mps_param_5_12-02-2021/simulation_hill_real_7.pickle,mps,2.3642331659572897,4.101041340371175,3.5749916283428664,5.698712232289617,0.010827017851901632
275,/home/nevena/data_tsanfleuron/mps/simu_mps_param_5_12-02-2021/simulation_hill_real_19.pickle,mps,0.8016137975253738,3.7378921007910555,1.3205266385637224,4.965913623913711,0.012703867034517457
276,/home/nevena/data_tsanfleuron/mps/simu_mps_param_5_12-02-2021/simulation_hill_real_16.pickle,mps,1.5017415494585264,3.0448016118561245,2.231108519391343,4.1187657081468165,0.016397337072014802
277,/home/nevena/data_tsanfleuron/mps/simu_mps_param_5_12-02-2021/simulation_hill_real_20.pickle,mps,2.0995138638647544,4.106169810908404,2.914145224922896,5.6802250521664766,0.0103943324527356
278,/home/nevena/data_tsanfleuron/mps/simu_mps_param_5_12-02-2021/simulation_grad_real_3.pickle,mps,0.4787774595265969,3.0280926896332354,0.8088171198360622,4.005049985181381,0.012181844231174221
279,/home/nevena/data_tsanfleuron/mps/simu_mps_param_5_12-02-2021/simulation_hill_real_5.pickle,mps,0.4238502243422076,3.9636008790155093,0.7334396121554078,5.3281976206253585,0.011813719751248054
280,/home/nevena/data_tsanfleuron/mps/simu_mps_param_5_12-02-2021/simulation_hill_real_0.pickle,mps,0.7357973860825492,3.06245379513509,0.24880923119820653,3.9830518743228853,0.01093127047393846
281,/home/nevena/data_tsanfleuron/mps/simu_mps_param_5_12-02-2021/simulation_grad_real_13.pickle,mps,4.615379921095897,6.522847330348623,5.975521039660648,8.45694843159213,0.015019669509269574
282,/home/nevena/data_tsanfleuron/mps/simu_mps_param_5_12-02-2021/simulation_hill_real_23.pickle,mps,4.953032382753681,5.629043910485622,5.939406298125163,7.383080717970781,0.012507221944331187
283,/home/nevena/data_tsanfleuron/mps/simu_mps_param_5_12-02-2021/simulation_hill_real_15.pickle,mps,0.5059397113988449,3.3569722556467534,0.8450111145894975,4.56386880536931,0.010525923241396723
284,/home/nevena/data_tsanfleuron/mps/simu_mps_param_5_12-02-2021/simulation_hill_real_14.pickle,mps,0.4966185654843901,3.7991134763121504,0.5288861562006175,5.118253111080105,0.011888332602337404
285,/home/nevena/data_tsanfleuron/mps/simu_mps_param_5_12-02-2021/simulation_grad_real_6.pickle,mps,0.4644379271099517,3.141905641691238,0.40611790857836605,4.352551465275735,0.012135733063282644
286,/home/nevena/data_tsanfleuron/mps/simu_mps_param_5_12-02-2021/simulation_grad_real_19.pickle,mps,1.0347593208124177,3.952779019186282,1.4771239574968815,5.206236563385665,0.014397321770068788
287,/home/nevena/data_tsanfleuron/mps/simu_mps_param_5_12-02-2021/simulation_grad_real_21.pickle,mps,3.851916677362931,4.255106375872657,4.511338258708641,5.711719630775908,0.013186158571356054
288,/home/nevena/data_tsanfleuron/mps/simu_mps_param_4_12-02-2021/simulation_grad_real_1.pickle,mps,2.9644869268229512,4.697878654185326,4.362250913027674,6.672646762520047,0.014282154795029988
289,/home/nevena/data_tsanfleuron/mps/simu_mps_param_4_12-02-2021/simulation_hill_real_4.pickle,mps,0.3280600500597684,2.624239703022568,0.6136232581380754,3.507853674856876,0.010740252799501948
290,/home/nevena/data_tsanfleuron/mps/simu_mps_param_4_12-02-2021/simulation_hill_real_10.pickle,mps,3.116500430412567,4.241905648880365,3.697270983205736,5.590256746401131,0.013496454193569641
291,/home/nevena/data_tsanfleuron/mps/simu_mps_param_4_12-02-2021/simulation_grad_real_11.pickle,mps,1.7897464627679676,3.0802974174201974,2.386023807100579,4.235179771974771,0.022285369147016548
292,/home/nevena/data_tsanfleuron/mps/simu_mps_param_4_12-02-2021/simulation_grad_real_2.pickle,mps,0.18095556402205673,3.116407584612738,0.04226831026971341,4.178119068805172,0.013767631757531762
293,/home/nevena/data_tsanfleuron/mps/simu_mps_param_4_12-02-2021/simulation_grad_real_0.pickle,mps,0.5916723796140273,3.086856279134317,0.8279101262077689,4.215378334949546,0.011947172057045586
294,/home/nevena/data_tsanfleuron/mps/simu_mps_param_4_12-02-2021/simulation_grad_real_7.pickle,mps,2.506968632510535,4.1453439881536385,3.5785733697623017,5.5927854164889075,0.012360453971820024
295,/home/nevena/data_tsanfleuron/mps/simu_mps_param_4_12-02-2021/simulation_grad_real_5.pickle,mps,0.44924358930290076,3.8419555472198788,0.6418672156803309,5.150153935353302,0.013261521686793698
296,/home/nevena/data_tsanfleuron/mps/simu_mps_param_4_12-02-2021/simulation_hill_real_12.pickle,mps,1.6713713569266977,4.734824332899018,2.38680096767433,6.208839043782085,0.010681200932836105
297,/home/nevena/data_tsanfleuron/mps/simu_mps_param_4_12-02-2021/simulation_grad_real_8.pickle,mps,0.22940613969377707,2.8639081029539724,0.3987460839468986,3.8752766187319794,0.014460721080809313
298,/home/nevena/data_tsanfleuron/mps/simu_mps_param_4_12-02-2021/simulation_hill_real_22.pickle,mps,0.5521093451812196,3.8596467327037187,0.89637176829651,5.192285081957696,0.012388496690895928
299,/home/nevena/data_tsanfleuron/mps/simu_mps_param_4_12-02-2021/simulation_grad_real_15.pickle,mps,0.31863269746408796,3.2866297691986874,0.42500266045406465,4.47046483105041,0.011606035012400474
300,/home/nevena/data_tsanfleuron/mps/simu_mps_param_4_12-02-2021/simulation_grad_real_22.pickle,mps,0.6531807004982947,3.9261380667015495,1.0300290554430336,5.302571562564888,0.01370869902830441
301,/home/nevena/data_tsanfleuron/mps/simu_mps_param_4_12-02-2021/simulation_hill_real_17.pickle,mps,0.4932474453523498,3.0059255590232032,0.8168427117995918,3.942445379485888,0.014954038594360241
302,/home/nevena/data_tsanfleuron/mps/simu_mps_param_4_12-02-2021/simulation_hill_real_18.pickle,mps,1.405687310835466,2.6586116574185086,2.07148424581103,3.6191478301656663,0.016965951840287458
303,/home/nevena/data_tsanfleuron/mps/simu_mps_param_4_12-02-2021/simulation_hill_real_3.pickle,mps,0.4493079104389199,3.0000288192279454,0.7486686903946103,4.044571014461772,0.011220220942888853
304,/home/nevena/data_tsanfleuron/mps/simu_mps_param_4_12-02-2021/simulation_grad_real_12.pickle,mps,1.7906628845730856,5.026457830649485,2.4838866673216224,6.574646868604294,0.012272360072253763
305,/home/nevena/data_tsanfleuron/mps/simu_mps_param_4_12-02-2021/simulation_hill_real_1.pickle,mps,2.7763575259004294,4.543280989046536,4.004619535876065,6.340074180017194,0.01312112893647247
306,/home/nevena/data_tsanfleuron/mps/simu_mps_param_4_12-02-2021/simulation_grad_real_10.pickle,mps,2.7657753274223222,3.9504620379334794,3.394826353854686,5.328689534271726,0.01458558305178571
307,/home/nevena/data_tsanfleuron/mps/simu_mps_param_4_12-02-2021/simulation_hill_real_6.pickle,mps,0.4234606080045836,3.197483967048186,0.3407588654179126,4.431574363955887,0.01097049419462115
308,/home/nevena/data_tsanfleuron/mps/simu_mps_param_4_12-02-2021/simulation_grad_real_18.pickle,mps,1.4362619723646477,2.662905929796369,2.1066870597403495,3.56995887841246,0.018139182507996416
309,/home/nevena/data_tsanfleuron/mps/simu_mps_param_4_12-02-2021/simulation_grad_real_16.pickle,mps,1.3127025502971668,3.0386205041718606,1.9126064183481037,4.116477387998651,0.017091392958796137
310,/home/nevena/data_tsanfleuron/mps/simu_mps_param_4_12-02-2021/simulation_hill_real_9.pickle,mps,3.1366864249833846,4.876521203001376,4.088400187056512,6.342297206177287,0.012671593904771156
311,/home/nevena/data_tsanfleuron/mps/simu_mps_param_4_12-02-2021/simulation_grad_real_4.pickle,mps,0.39307009152206446,2.7006579195618503,0.6162313456021249,3.606249249679355,0.011744537385302106
312,/home/nevena/data_tsanfleuron/mps/simu_mps_param_4_12-02-2021/simulation_grad_real_9.pickle,mps,3.5691270056005853,4.96981642882441,4.579211944975704,6.442656205209711,0.014127908973981973
313,/home/nevena/data_tsanfleuron/mps/simu_mps_param_4_12-02-2021/simulation_hill_real_13.pickle,mps,4.68541973961642,6.618388401008192,6.06505460692048,8.530401494791043,0.013741308570109889
314,/home/nevena/data_tsanfleuron/mps/simu_mps_param_4_12-02-2021/simulation_hill_real_2.pickle,mps,0.16819578239268013,3.19995192835567,0.12853358756117522,4.297366856427439,0.012930355440715474
315,/home/nevena/data_tsanfleuron/mps/simu_mps_param_4_12-02-2021/simulation_grad_real_23.pickle,mps,4.489839088908621,5.296623878604271,5.410385138915107,7.016982215208604,0.01410012183664675
316,/home/nevena/data_tsanfleuron/mps/simu_mps_param_4_12-02-2021/simulation_hill_real_21.pickle,mps,3.5405516048688748,4.033486624597783,4.216258382349834,5.480101538504982,0.011660274970944273
317,/home/nevena/data_tsanfleuron/mps/simu_mps_param_4_12-02-2021/simulation_grad_real_14.pickle,mps,0.3957737207413147,3.574382485830015,0.37651730939373373,4.809363841148046,0.013511258007190169
318,/home/nevena/data_tsanfleuron/mps/simu_mps_param_4_12-02-2021/simulation_grad_real_17.pickle,mps,0.6122771532631438,2.9598108428859833,0.9574263080645352,3.8904025980240657,0.015893025501324366
319,/home/nevena/data_tsanfleuron/mps/simu_mps_param_4_12-02-2021/simulation_hill_real_11.pickle,mps,2.0319441968484755,3.23709545357276,2.7559072299458087,4.457682159902028,0.020644748223410652
320,/home/nevena/data_tsanfleuron/mps/simu_mps_param_4_12-02-2021/simulation_grad_real_20.pickle,mps,1.7589697199945242,4.028843123047514,2.7447728557385505,5.557013902919649,0.011095073315412419
321,/home/nevena/data_tsanfleuron/mps/simu_mps_param_4_12-02-2021/simulation_hill_real_8.pickle,mps,0.30303382552995645,2.8080119202403404,0.27317657701075077,3.823422762831876,0.013049163583348827
322,/home/nevena/data_tsanfleuron/mps/simu_mps_param_4_12-02-2021/simulation_hill_real_7.pickle,mps,2.4507296819764006,4.065018138810038,3.5872599776655436,5.647456712436171,0.0109752935554486
323,/home/nevena/data_tsanfleuron/mps/simu_mps_param_4_12-02-2021/simulation_hill_real_19.pickle,mps,0.8172674948061628,3.76451919517964,1.3520140468321742,5.029860793242962,0.012707557043815454
324,/home/nevena/data_tsanfleuron/mps/simu_mps_param_4_12-02-2021/simulation_hill_real_16.pickle,mps,1.64244687871807,3.0486868550039277,2.2973666527070105,4.133471520375632,0.016246212042860142
325,/home/nevena/data_tsanfleuron/mps/simu_mps_param_4_12-02-2021/simulation_hill_real_20.pickle,mps,2.12418231575543,3.9523628925168297,2.809545320817083,5.483044257235644,0.010435358463130373
326,/home/nevena/data_tsanfleuron/mps/simu_mps_param_4_12-02-2021/simulation_grad_real_3.pickle,mps,0.5261246738101562,3.0818942747941116,0.9667080664794893,4.127366263046064,0.01224727960515054
327,/home/nevena/data_tsanfleuron/mps/simu_mps_param_4_12-02-2021/simulation_hill_real_5.pickle,mps,0.488359030839154,3.9979874472721546,0.5665447414703667,5.402929175106761,0.011628256457679054
328,/home/nevena/data_tsanfleuron/mps/simu_mps_param_4_12-02-2021/simulation_hill_real_0.pickle,mps,1.036867465501676,3.2980955877819396,1.4748747840773313,4.413597155375469,0.010828916532499556
329,/home/nevena/data_tsanfleuron/mps/simu_mps_param_4_12-02-2021/simulation_grad_real_13.pickle,mps,4.671684633814509,6.56407811509077,5.946079815185815,8.490636967396174,0.015202226941459845
330,/home/nevena/data_tsanfleuron/mps/simu_mps_param_4_12-02-2021/simulation_hill_real_23.pickle,mps,5.057111532974759,5.719889487637301,6.036259606923536,7.466841641760752,0.012500546279245761
331,/home/nevena/data_tsanfleuron/mps/simu_mps_param_4_12-02-2021/simulation_hill_real_15.pickle,mps,0.5726378879238914,3.348985654312484,1.0576356284990907,4.566581703451837,0.010513906747654355
332,/home/nevena/data_tsanfleuron/mps/simu_mps_param_4_12-02-2021/simulation_hill_real_14.pickle,mps,0.4221248193518137,3.809366067223303,0.6139037885289639,5.09422236446086,0.011945213874844263
333,/home/nevena/data_tsanfleuron/mps/simu_mps_param_4_12-02-2021/simulation_grad_real_6.pickle,mps,0.5413793189667542,3.1693882830122724,0.24676817904040216,4.315833475089771,0.012166314558283042
334,/home/nevena/data_tsanfleuron/mps/simu_mps_param_4_12-02-2021/simulation_grad_real_19.pickle,mps,0.9815037030240817,3.909207529433051,1.3968160767026245,5.153401340371748,0.014398943775289686
335,/home/nevena/data_tsanfleuron/mps/simu_mps_param_4_12-02-2021/simulation_grad_real_21.pickle,mps,4.077546652891405,4.365611806297886,4.691600685576722,5.876340216097433,0.013245445247093018
336,/home/nevena/data_tsanfleuron/mps/simu_mps_param_1_12-02-2021/simulation_grad_real_1.pickle,mps,3.4095687800414702,5.0499740418471735,4.367624562123417,6.75870560897062,0.020621326359081472
337,/home/nevena/data_tsanfleuron/mps/simu_mps_param_1_12-02-2021/simulation_hill_real_4.pickle,mps,0.286102377349441,2.7387334277577544,0.5121270140096545,3.5794757932297485,0.015989659685742043
338,/home/nevena/data_tsanfleuron/mps/simu_mps_param_1_12-02-2021/simulation_hill_real_10.pickle,mps,2.999015853640614,4.34482902647317,3.4840489051617682,5.484169023902728,0.0178075739292665
339,/home/nevena/data_tsanfleuron/mps/simu_mps_param_1_12-02-2021/simulation_grad_real_11.pickle,mps,2.428440804969344,3.423035008654339,3.0802999619044362,4.591613384279366,0.0267403737649791
340,/home/nevena/data_tsanfleuron/mps/simu_mps_param_1_12-02-2021/simulation_grad_real_2.pickle,mps,0.11643769980363805,3.276727967423253,0.18893098682649434,4.224578534424945,0.018923591679422935
341,/home/nevena/data_tsanfleuron/mps/simu_mps_param_1_12-02-2021/simulation_grad_real_0.pickle,mps,0.5076161399419751,2.9419924560793813,0.8610645106904208,3.99267538294603,0.01822427488760948
342,/home/nevena/data_tsanfleuron/mps/simu_mps_param_1_12-02-2021/simulation_grad_real_7.pickle,mps,2.7223016109362717,4.280694095315227,3.457809959167615,5.503229299107377,0.016405755745023714
343,/home/nevena/data_tsanfleuron/mps/simu_mps_param_1_12-02-2021/simulation_grad_real_5.pickle,mps,0.5413152077093676,3.915200079596601,0.9729168169520795,5.109571314238776,0.01841748631646436
344,/home/nevena/data_tsanfleuron/mps/simu_mps_param_1_12-02-2021/simulation_hill_real_12.pickle,mps,1.8003933152004534,5.017758418626388,2.394683731231093,6.262884866965676,0.014887533681716835
345,/home/nevena/data_tsanfleuron/mps/simu_mps_param_1_12-02-2021/simulation_grad_real_8.pickle,mps,0.3054321612593669,2.931600987533447,0.4246364141929895,3.830672594379648,0.018549908941797016
346,/home/nevena/data_tsanfleuron/mps/simu_mps_param_1_12-02-2021/simulation_hill_real_22.pickle,mps,0.6159851658149615,3.997025322698916,0.9087775678731501,5.083777440567212,0.016729971797468074
347,/home/nevena/data_tsanfleuron/mps/simu_mps_param_1_12-02-2021/simulation_grad_real_15.pickle,mps,0.41132240345570703,3.3621799178645184,0.6796135163534432,4.441782954241475,0.016310928519789093
348,/home/nevena/data_tsanfleuron/mps/simu_mps_param_1_12-02-2021/simulation_grad_real_22.pickle,mps,0.5184371448535674,4.08657595784723,0.8714520814120769,5.202657741095409,0.017892540611707003
349,/home/nevena/data_tsanfleuron/mps/simu_mps_param_1_12-02-2021/simulation_hill_real_17.pickle,mps,0.4661029694332466,3.0697120686585584,0.7903989762283863,3.918783324820451,0.02080570739612032
350,/home/nevena/data_tsanfleuron/mps/simu_mps_param_1_12-02-2021/simulation_hill_real_18.pickle,mps,1.4377969796092023,2.7332292089819874,2.057783772819117,3.608263377863809,0.02224846752141587
351,/home/nevena/data_tsanfleuron/mps/simu_mps_param_1_12-02-2021/simulation_hill_real_3.pickle,mps,0.541950585738713,3.0461020791361992,0.798021415667236,3.954484069478426,0.016402866901453778
352,/home/nevena/data_tsanfleuron/mps/simu_mps_param_1_12-02-2021/simulation_grad_real_12.pickle,mps,2.0558423431725323,5.252803517564598,2.587881444872543,6.53835657691185,0.016410567016551986
353,/home/nevena/data_tsanfleuron/mps/simu_mps_param_1_12-02-2021/simulation_hill_real_1.pickle,mps,3.5002829296576055,5.117270491190895,4.482095092770084,6.737573504462592,0.019364357487558846
354,/home/nevena/data_tsanfleuron/mps/simu_mps_param_1_12-02-2021/simulation_grad_real_10.pickle,mps,2.884051134047837,4.254506779168442,3.356097586982325,5.365827185911577,0.01930635901973728
355,/home/nevena/data_tsanfleuron/mps/simu_mps_param_1_12-02-2021/simulation_hill_real_6.pickle,mps,0.3087355516227467,3.4298592990321626,0.37188755537681284,4.517113956173553,0.016781112116684548
356,/home/nevena/data_tsanfleuron/mps/simu_mps_param_1_12-02-2021/simulation_grad_real_18.pickle,mps,1.5655501874541113,2.7211205177951068,2.0443116594113406,3.554643185659407,0.023430540051038246
357,/home/nevena/data_tsanfleuron/mps/simu_mps_param_1_12-02-2021/simulation_grad_real_16.pickle,mps,1.5906264615883883,3.117954259528909,2.0550756098456677,4.07904235235187,0.023467947910765098
358,/home/nevena/data_tsanfleuron/mps/simu_mps_param_1_12-02-2021/simulation_hill_real_9.pickle,mps,3.8777730893619533,5.245439104477728,4.566429502033443,6.514363587646329,0.0166585007418682
359,/home/nevena/data_tsanfleuron/mps/simu_mps_param_1_12-02-2021/simulation_grad_real_4.pickle,mps,0.3216574897466418,2.8173201975012105,0.5658584501337259,3.658159569033247,0.016983495863252807
360,/home/nevena/data_tsanfleuron/mps/simu_mps_param_1_12-02-2021/simulation_grad_real_9.pickle,mps,4.066280257612938,5.384227307881879,4.70775206434615,6.644561618359301,0.018209685307531715
361,/home/nevena/data_tsanfleuron/mps/simu_mps_param_1_12-02-2021/simulation_hill_real_13.pickle,mps,5.088527675703736,6.870500086459787,6.00228086023368,8.511922676313382,0.01782923355182402
362,/home/nevena/data_tsanfleuron/mps/simu_mps_param_1_12-02-2021/simulation_hill_real_2.pickle,mps,0.11089215075304733,3.336527589626793,0.031688002316281196,4.282010845198234,0.01835386377268596
363,/home/nevena/data_tsanfleuron/mps/simu_mps_param_1_12-02-2021/simulation_grad_real_23.pickle,mps,4.530577661855098,5.5734108817805375,5.228974549330026,6.908402683753087,0.01804746250455812
364,/home/nevena/data_tsanfleuron/mps/simu_mps_param_1_12-02-2021/simulation_hill_real_21.pickle,mps,3.946641892068533,4.4487468398064305,4.434467978759855,5.653732018189259,0.016763251337715824
365,/home/nevena/data_tsanfleuron/mps/simu_mps_param_1_12-02-2021/simulation_grad_real_14.pickle,mps,0.2840921588429692,3.9320232676360893,0.40700818178132175,5.0221580475912075,0.017484609490120782
366,/home/nevena/data_tsanfleuron/mps/simu_mps_param_1_12-02-2021/simulation_grad_real_17.pickle,mps,0.5316111233984216,3.1353923210744217,0.8345989335414022,3.986198470119336,0.021713187573895353
367,/home/nevena/data_tsanfleuron/mps/simu_mps_param_1_12-02-2021/simulation_hill_real_11.pickle,mps,2.675161809050975,3.6458776471331604,3.1487963624358177,4.752996194291586,0.0252461706461706
368,/home/nevena/data_tsanfleuron/mps/simu_mps_param_1_12-02-2021/simulation_grad_real_20.pickle,mps,2.1368302935218835,4.201752878198559,2.8597441801603884,5.4899046047662425,0.015669384945028193
369,/home/nevena/data_tsanfleuron/mps/simu_mps_param_1_12-02-2021/simulation_hill_real_8.pickle,mps,0.3841519774694629,2.9452228498508064,0.5721240634046495,3.8474378338313144,0.017052904742923043
370,/home/nevena/data_tsanfleuron/mps/simu_mps_param_1_12-02-2021/simulation_hill_real_7.pickle,mps,2.646103486566186,4.236955790877567,3.44477792083621,5.530051703187047,0.014950896841316308
371,/home/nevena/data_tsanfleuron/mps/simu_mps_param_1_12-02-2021/simulation_hill_real_19.pickle,mps,1.0777734070566132,4.033612154873628,1.4525503393996508,5.062406757915599,0.016807685950850033
372,/home/nevena/data_tsanfleuron/mps/simu_mps_param_1_12-02-2021/simulation_hill_real_16.pickle,mps,1.3525113868426775,3.0660393345491865,1.7486287311464548,4.017000192710821,0.02304500708248732
373,/home/nevena/data_tsanfleuron/mps/simu_mps_param_1_12-02-2021/simulation_hill_real_20.pickle,mps,2.1246052929282957,4.067850519900036,2.6917602792702615,5.366444855019926,0.014886709018189248
374,/home/nevena/data_tsanfleuron/mps/simu_mps_param_1_12-02-2021/simulation_grad_real_3.pickle,mps,0.3452441757154416,2.9879189580747694,0.563478998053819,3.8843821244366312,0.017613512999983018
375,/home/nevena/data_tsanfleuron/mps/simu_mps_param_1_12-02-2021/simulation_hill_real_5.pickle,mps,0.5076127581898459,4.0947098056823075,0.7622484962325544,5.321463768370599,0.016855218271448275
376,/home/nevena/data_tsanfleuron/mps/simu_mps_param_1_12-02-2021/simulation_hill_real_0.pickle,mps,0.8850012475030726,3.172985434091593,1.4292414740562438,4.280132138561067,0.016909134125119307
377,/home/nevena/data_tsanfleuron/mps/simu_mps_param_1_12-02-2021/simulation_grad_real_13.pickle,mps,5.0504716706794275,7.087242130511608,5.937006305131316,8.631009865846513,0.01943518014251334
378,/home/nevena/data_tsanfleuron/mps/simu_mps_param_1_12-02-2021/simulation_hill_real_23.pickle,mps,4.9687988093790185,5.771471007436645,5.6260082283835855,7.20210888924353,0.016271235967241855
379,/home/nevena/data_tsanfleuron/mps/simu_mps_param_1_12-02-2021/simulation_hill_real_15.pickle,mps,0.2977329614826681,3.4198785273672825,0.4913002814583481,4.430997348396757,0.015160631435425658
380,/home/nevena/data_tsanfleuron/mps/simu_mps_param_1_12-02-2021/simulation_hill_real_14.pickle,mps,0.19942956073663062,3.943541115846725,0.002681696385517716,5.045642648471658,0.015731134039209383
381,/home/nevena/data_tsanfleuron/mps/simu_mps_param_1_12-02-2021/simulation_grad_real_6.pickle,mps,0.26114695474737426,3.195724194249519,0.19000624752752482,4.262740058431675,0.01832488285737253
382,/home/nevena/data_tsanfleuron/mps/simu_mps_param_1_12-02-2021/simulation_grad_real_19.pickle,mps,1.1494796681775055,4.054136435268746,1.4880669256854802,5.099240479831459,0.018553916682324683
383,/home/nevena/data_tsanfleuron/mps/simu_mps_param_1_12-02-2021/simulation_grad_real_21.pickle,mps,3.64232975378703,4.194697850201611,4.121406273875385,5.380970128201869,0.017870349647565353
384,/home/nevena/data_tsanfleuron/mps/simu_mps_param_6_12-02-2021/simulation_grad_real_1.pickle,mps,2.3051320952191303,4.443984836791745,4.177935353052616,6.6555648800858505,0.01264188443387077
385,/home/nevena/data_tsanfleuron/mps/simu_mps_param_6_12-02-2021/simulation_hill_real_4.pickle,mps,0.38229692294656553,2.623958997182568,0.3970268351130188,3.5014656071439267,0.00988366766163471
386,/home/nevena/data_tsanfleuron/mps/simu_mps_param_6_12-02-2021/simulation_hill_real_10.pickle,mps,2.2881751891840243,3.803268028879731,3.336117480038479,5.318418735465186,0.01360865466086376
387,/home/nevena/data_tsanfleuron/mps/simu_mps_param_6_12-02-2021/simulation_grad_real_11.pickle,mps,1.969662337648119,3.130741812360771,2.8487319970209155,4.388045352895504,0.023516161978914218
388,/home/nevena/data_tsanfleuron/mps/simu_mps_param_6_12-02-2021/simulation_grad_real_2.pickle,mps,0.280835212466422,3.0511788280204,0.07338427058495581,4.216772707352143,0.012904613985954726
389,/home/nevena/data_tsanfleuron/mps/simu_mps_param_6_12-02-2021/simulation_grad_real_0.pickle,mps,0.9388454195141444,3.270090251802754,0.21108109986968338,3.896048627107932,0.009720563276526744
390,/home/nevena/data_tsanfleuron/mps/simu_mps_param_6_12-02-2021/simulation_grad_real_7.pickle,mps,2.537881368994691,3.93580659147467,3.864068667998165,5.654795080117675,0.01164234927006017
391,/home/nevena/data_tsanfleuron/mps/simu_mps_param_6_12-02-2021/simulation_grad_real_5.pickle,mps,0.477848860319983,3.772577189785164,0.5350578776307404,5.123756613306782,0.012357415561873109
392,/home/nevena/data_tsanfleuron/mps/simu_mps_param_6_12-02-2021/simulation_hill_real_12.pickle,mps,1.5053488348905824,4.402197315768062,2.4376093881774694,6.129673621450325,0.011207948959884561
393,/home/nevena/data_tsanfleuron/mps/simu_mps_param_6_12-02-2021/simulation_grad_real_8.pickle,mps,0.3764027489018442,2.8107971827245173,0.3448251289591193,3.866396959236262,0.014841853733687366
394,/home/nevena/data_tsanfleuron/mps/simu_mps_param_6_12-02-2021/simulation_hill_real_22.pickle,mps,0.4723264650955938,3.7152787531274245,0.9123221313737332,5.199014453519774,0.012840073847524863
395,/home/nevena/data_tsanfleuron/mps/simu_mps_param_6_12-02-2021/simulation_grad_real_15.pickle,mps,0.41973301323605583,3.143523392075111,0.45577884943187236,4.400347173409193,0.01074284595995143
396,/home/nevena/data_tsanfleuron/mps/simu_mps_param_6_12-02-2021/simulation_grad_real_22.pickle,mps,0.6685156171600767,3.7980544970212637,1.0773239758491515,5.339843047068447,0.01367980595669136
397,/home/nevena/data_tsanfleuron/mps/simu_mps_param_6_12-02-2021/simulation_hill_real_17.pickle,mps,0.3796119493994869,2.94442330595211,0.6902863360438496,3.8821464552610285,0.014232321288694245
398,/home/nevena/data_tsanfleuron/mps/simu_mps_param_6_12-02-2021/simulation_hill_real_18.pickle,mps,1.0630032390459485,2.738081949803783,1.9208619230516255,3.659737230133479,0.017639847188757156
399,/home/nevena/data_tsanfleuron/mps/simu_mps_param_6_12-02-2021/simulation_hill_real_3.pickle,mps,0.9199192387794503,3.1334171363200434,1.5324594008091836,4.342966157678549,0.010472252377380559
400,/home/nevena/data_tsanfleuron/mps/simu_mps_param_6_12-02-2021/simulation_grad_real_12.pickle,mps,1.4058462433817056,4.812989838341268,2.2299691120661795,6.43669791364228,0.011736679319935028
401,/home/nevena/data_tsanfleuron/mps/simu_mps_param_6_12-02-2021/simulation_hill_real_1.pickle,mps,2.201111940786534,4.26960520248902,3.9698418604351584,6.224050057787735,0.012027156675868256
402,/home/nevena/data_tsanfleuron/mps/simu_mps_param_6_12-02-2021/simulation_grad_real_10.pickle,mps,2.163695424362881,3.6975281618849913,3.013556579544395,5.076743126079395,0.014221903772094252
403,/home/nevena/data_tsanfleuron/mps/simu_mps_param_6_12-02-2021/simulation_hill_real_6.pickle,mps,0.6337461397812602,3.097303690262737,0.017562918109446764,4.33555991375351,0.00943175066530864
404,/home/nevena/data_tsanfleuron/mps/simu_mps_param_6_12-02-2021/simulation_grad_real_18.pickle,mps,1.1141132342517308,2.687888855600592,1.8903911580760033,3.572602041050047,0.017768877186046843
405,/home/nevena/data_tsanfleuron/mps/simu_mps_param_6_12-02-2021/simulation_grad_real_16.pickle,mps,1.0737392190721358,2.948662608483926,1.8413148116972298,3.949261000820881,0.015230163079187042
406,/home/nevena/data_tsanfleuron/mps/simu_mps_param_6_12-02-2021/simulation_hill_real_9.pickle,mps,2.8667371614239885,4.696474168507999,4.312176284108311,6.382665792222708,0.013415474368105645
407,/home/nevena/data_tsanfleuron/mps/simu_mps_param_6_12-02-2021/simulation_grad_real_4.pickle,mps,0.416077363837946,2.625805773737989,0.6369434306781739,3.5451813230900524,0.01053640022733624
408,/home/nevena/data_tsanfleuron/mps/simu_mps_param_6_12-02-2021/simulation_grad_real_9.pickle,mps,2.8771013166031434,4.565811498847614,4.23358266082108,6.168265725557219,0.014083099969716285
409,/home/nevena/data_tsanfleuron/mps/simu_mps_param_6_12-02-2021/simulation_hill_real_13.pickle,mps,4.7674275242027795,6.286866260332502,6.495085088729113,8.714909204709848,0.014384219767824424
410,/home/nevena/data_tsanfleuron/mps/simu_mps_param_6_12-02-2021/simulation_hill_real_2.pickle,mps,0.29564137797135603,3.080252492362044,0.24344233358427883,4.295643549229598,0.012642613397753221
411,/home/nevena/data_tsanfleuron/mps/simu_mps_param_6_12-02-2021/simulation_grad_real_23.pickle,mps,2.7708514538033495,4.351796079883968,4.270423004382104,6.160561883864281,0.014277812297151759
412,/home/nevena/data_tsanfleuron/mps/simu_mps_param_6_12-02-2021/simulation_hill_real_21.pickle,mps,3.679298210634224,3.9672771855886406,4.510999541479349,5.594226211734093,0.011264889429726161
413,/home/nevena/data_tsanfleuron/mps/simu_mps_param_6_12-02-2021/simulation_grad_real_14.pickle,mps,0.5554980615997108,3.5424493666209185,0.6755135026674718,4.882328617806388,0.013355281134003777
414,/home/nevena/data_tsanfleuron/mps/simu_mps_param_6_12-02-2021/simulation_grad_real_17.pickle,mps,0.38262872581025836,2.86933977959725,0.36117240029349923,3.9271925599880624,0.014913236304583948
415,/home/nevena/data_tsanfleuron/mps/simu_mps_param_6_12-02-2021/simulation_hill_real_11.pickle,mps,1.7813013077726645,3.18186744247809,2.842322814931348,4.476264348132357,0.022957455694888114
416,/home/nevena/data_tsanfleuron/mps/simu_mps_param_6_12-02-2021/simulation_grad_real_20.pickle,mps,2.1144294987984087,3.8601009286616783,3.166100855556503,5.620135387479956,0.010369038031551998
417,/home/nevena/data_tsanfleuron/mps/simu_mps_param_6_12-02-2021/simulation_hill_real_8.pickle,mps,0.3062584019511253,2.745845444387546,0.38726302183009687,3.7707199157995,0.0139709238358311
418,/home/nevena/data_tsanfleuron/mps/simu_mps_param_6_12-02-2021/simulation_hill_real_7.pickle,mps,2.088982007539401,3.881186847045693,3.4232020753048364,5.552148147321954,0.010958226112828411
419,/home/nevena/data_tsanfleuron/mps/simu_mps_param_6_12-02-2021/simulation_hill_real_19.pickle,mps,0.860681160150138,3.697995480327769,1.409842060815543,5.099260614218087,0.013449717491270885
420,/home/nevena/data_tsanfleuron/mps/simu_mps_param_6_12-02-2021/simulation_hill_real_16.pickle,mps,1.0742314645231306,2.8845106423754974,1.7582196421392262,3.9021326015951163,0.014842773247183716
421,/home/nevena/data_tsanfleuron/mps/simu_mps_param_6_12-02-2021/simulation_hill_real_20.pickle,mps,1.8411030265440036,3.5836002577512955,2.7930740317266434,5.177947847269121,0.010064639064788905
422,/home/nevena/data_tsanfleuron/mps/simu_mps_param_6_12-02-2021/simulation_grad_real_3.pickle,mps,0.4518999281312672,2.945066625406457,0.8414198931545019,3.9784167841869746,0.011367706770919306
423,/home/nevena/data_tsanfleuron/mps/simu_mps_param_6_12-02-2021/simulation_hill_real_5.pickle,mps,0.5931319310296136,3.6425927541879477,0.6637864940591156,4.976274347142068,0.011494966996357164
424,/home/nevena/data_tsanfleuron/mps/simu_mps_param_6_12-02-2021/simulation_hill_real_0.pickle,mps,0.8788510081623183,3.0446228994262934,1.3761597567789259,3.941124268296737,0.009126108030738145
425,/home/nevena/data_tsanfleuron/mps/simu_mps_param_6_12-02-2021/simulation_grad_real_13.pickle,mps,4.251326492185692,6.163190564077351,5.797970708119124,8.290819933252154,0.01504700357690102
426,/home/nevena/data_tsanfleuron/mps/simu_mps_param_6_12-02-2021/simulation_hill_real_23.pickle,mps,4.407236006959312,5.288536295524666,5.925147460404784,7.37655731382916,0.013926390431966352
427,/home/nevena/data_tsanfleuron/mps/simu_mps_param_6_12-02-2021/simulation_hill_real_15.pickle,mps,0.4822368295807123,3.2077577544425915,0.5292428229469806,4.43144347768833,0.010025244191814137
428,/home/nevena/data_tsanfleuron/mps/simu_mps_param_6_12-02-2021/simulation_hill_real_14.pickle,mps,0.5626282132736982,3.585700309990313,0.42320488947182894,4.983967601242656,0.012557102324840964
429,/home/nevena/data_tsanfleuron/mps/simu_mps_param_6_12-02-2021/simulation_grad_real_6.pickle,mps,0.7033443314910892,3.135941403821478,0.5475371400535106,4.267205272714866,0.010277192032042548
430,/home/nevena/data_tsanfleuron/mps/simu_mps_param_6_12-02-2021/simulation_grad_real_19.pickle,mps,0.5475792787256949,3.6623617894674383,0.9940797150004655,5.1333743536398915,0.014227388348096498
431,/home/nevena/data_tsanfleuron/mps/simu_mps_param_6_12-02-2021/simulation_grad_real_21.pickle,mps,3.3301222199908262,3.725216643469289,4.13867383317016,5.341732334842235,0.011994386311295296
432,/home/nevena/data_tsanfleuron/krig/real_krig_14.pickle,krig,1.7427596600733697,5.723942251056798,1.7427596600733697,5.723942251056798,0.04058285112526505
433,/home/nevena/data_tsanfleuron/krig/real_krig_13.pickle,krig,5.094665574235469,8.158222189113392,5.094665574235469,8.158222189113392,0.046946372806417225
434,/home/nevena/data_tsanfleuron/krig/real_krig_04.pickle,krig,1.972406576356292,3.9888626520884434,1.972406576356292,3.9888626520884434,0.046461210464888936
435,/home/nevena/data_tsanfleuron/krig/real_krig_23.pickle,krig,4.364885152852535,6.783583811583681,4.364885152852535,6.783583811583681,0.044278275804965794
436,/home/nevena/data_tsanfleuron/krig/real_krig_03.pickle,krig,2.823453201933205,4.77183344881001,2.823453201933205,4.77183344881001,0.04661984895016147
437,/home/nevena/data_tsanfleuron/krig/real_krig_06.pickle,krig,3.6172162258833644,5.255581241750779,3.6172162258833644,5.255581241750779,0.049758287358316
438,/home/nevena/data_tsanfleuron/krig/real_krig_08.pickle,krig,0.2182172970358282,4.0115133524848385,0.2182172970358282,4.0115133524848385,0.04472023312336848
439,/home/nevena/data_tsanfleuron/krig/real_krig_02.pickle,krig,0.09969553717672826,3.9524539276500823,0.09969553717672826,3.9524539276500823,0.04914678865943256
440,/home/nevena/data_tsanfleuron/krig/real_krig_20.pickle,krig,3.0954004146091645,5.171755165231053,3.0954004146091645,5.171755165231053,0.04081288730016852
441,/home/nevena/data_tsanfleuron/krig/real_krig_18.pickle,krig,3.5358918843820693,4.458505971864578,3.5358918843820693,4.458505971864578,0.05482273765475498
442,/home/nevena/data_tsanfleuron/krig/real_krig_00.pickle,krig,1.0862205398436635,3.7371442312940344,1.0862205398436635,3.7371442312940344,0.0527529892583638
443,/home/nevena/data_tsanfleuron/krig/real_krig_01.pickle,krig,4.791222580111771,7.152256877976877,4.791222580111771,7.152256877976877,0.05499991936495596
444,/home/nevena/data_tsanfleuron/krig/real_krig_15.pickle,krig,2.588680118080601,4.853746087194242,2.588680118080601,4.853746087194242,0.044213103575879265
445,/home/nevena/data_tsanfleuron/krig/real_krig_07.pickle,krig,5.392305167004467,6.550046098407095,5.392305167004467,6.550046098407095,0.04378026635676546
446,/home/nevena/data_tsanfleuron/krig/real_krig_21.pickle,krig,5.422057725523413,6.249930530803655,5.422057725523413,6.249930530803655,0.04736894041418771
447,/home/nevena/data_tsanfleuron/krig/real_krig_17.pickle,krig,0.9152975292906166,4.1861063560888425,0.9152975292906166,4.1861063560888425,0.0554932819802596
448,/home/nevena/data_tsanfleuron/krig/real_krig_12.pickle,krig,4.675794692824781,6.990754468702761,4.675794692824781,6.990754468702761,0.0393726907347709
449,/home/nevena/data_tsanfleuron/krig/real_krig_19.pickle,krig,1.2580977318115532,5.6382853718392125,1.2580977318115532,5.6382853718392125,0.04317157357517787
450,/home/nevena/data_tsanfleuron/krig/real_krig_10.pickle,krig,2.8091315870158375,5.1910567206265394,2.8091315870158375,5.1910567206265394,0.04775559634092397
451,/home/nevena/data_tsanfleuron/krig/real_krig_05.pickle,krig,4.399843304996565,6.376969653257486,4.399843304996565,6.376969653257486,0.04504650876169736
452,/home/nevena/data_tsanfleuron/krig/real_krig_16.pickle,krig,2.4210343208260836,4.400809625365801,2.4210343208260836,4.400809625365801,0.06078668541005028
453,/home/nevena/data_tsanfleuron/krig/real_krig_22.pickle,krig,0.019866372146457433,5.41006597669753,0.019866372146457433,5.41006597669753,0.04147219366156696
454,/home/nevena/data_tsanfleuron/krig/real_krig_09.pickle,krig,4.035100144377723,6.736456218923318,4.035100144377723,6.736456218923318,0.0441324405377812
455,/home/nevena/data_tsanfleuron/krig/real_krig_11.pickle,krig,4.918841481873393,5.6822641182937845,4.918841481873393,5.6822641182937845,0.06110271048850424
456,/home/nevena/data_tsanfleuron/sgs/sgs_test_40_pts_border_05-05-21/real_sgs_14.pickle,sgs,1.5534664593408363,4.466264168771035,2.4142546128600837,6.124092338517999,0.11478057770356376
457,/home/nevena/data_tsanfleuron/sgs/sgs_test_40_pts_border_05-05-21/real_sgs_09.pickle,sgs,2.7206414695273344,4.800604469244122,4.077397655167058,6.359028986718752,0.11586306037962986
458,/home/nevena/data_tsanfleuron/sgs/sgs_test_40_pts_border_05-05-21/real_sgs_08.pickle,sgs,0.4198585959522244,3.306662949646136,0.36155642825476825,4.29788135910694,0.11466621876679058
459,/home/nevena/data_tsanfleuron/sgs/sgs_test_40_pts_border_05-05-21/real_sgs_16.pickle,sgs,1.2979629669112691,3.613475479153177,2.1448589411623775,4.481464369379306,0.10571230516545826
460,/home/nevena/data_tsanfleuron/sgs/sgs_test_40_pts_border_05-05-21/real_sgs_21.pickle,sgs,4.715912777827865,4.750879730851539,5.977219050652907,6.863773931441277,0.10159263739996485
461,/home/nevena/data_tsanfleuron/sgs/sgs_test_40_pts_border_05-05-21/real_sgs_22.pickle,sgs,0.47444944198017475,3.8984697577075975,0.1295765391357243,5.204452416366093,0.11388829220850785
462,/home/nevena/data_tsanfleuron/sgs/sgs_test_40_pts_border_05-05-21/real_sgs_06.pickle,sgs,2.784657674093246,4.368395062007893,4.443999084344133,5.816064011381914,0.09241533202167054
463,/home/nevena/data_tsanfleuron/sgs/sgs_test_40_pts_border_05-05-21/real_sgs_01.pickle,sgs,2.9754601474058404,5.259403325445857,5.005149775951356,7.39973699013131,0.10117695543651577
464,/home/nevena/data_tsanfleuron/sgs/sgs_test_40_pts_border_05-05-21/real_sgs_20.pickle,sgs,2.1269443505305774,3.867695554568258,2.9768643538255244,5.221110886381328,0.09836801482736801
465,/home/nevena/data_tsanfleuron/sgs/sgs_test_40_pts_border_05-05-21/real_sgs_04.pickle,sgs,1.1666032498392465,3.3886745023719103,1.898317564561218,4.184239654798202,0.09330447407889604
466,/home/nevena/data_tsanfleuron/sgs/sgs_test_40_pts_border_05-05-21/real_sgs_03.pickle,sgs,1.8804036959502206,3.7542720816089954,2.788829547300562,4.820855240218331,0.09943746319412171
467,/home/nevena/data_tsanfleuron/sgs/sgs_test_40_pts_border_05-05-21/real_sgs_23.pickle,sgs,2.3423775224475905,4.68983467890033,3.7519405625097453,6.4149372366183846,0.11704420536057066
468,/home/nevena/data_tsanfleuron/sgs/sgs_test_40_pts_border_05-05-21/real_sgs_05.pickle,sgs,2.720111841469332,4.541865568935581,4.10096509806104,6.194148279467764,0.10499171950189157
469,/home/nevena/data_tsanfleuron/sgs/sgs_test_40_pts_border_05-05-21/real_sgs_17.pickle,sgs,0.6369112577403047,3.568014763373702,0.6311080626383423,4.522530530039443,0.10573810596393259
470,/home/nevena/data_tsanfleuron/sgs/sgs_test_40_pts_border_05-05-21/real_sgs_02.pickle,sgs,0.37337376513932435,3.229355825343755,0.014089841824024917,3.9832929594143542,0.1006154748590029
471,/home/nevena/data_tsanfleuron/sgs/sgs_test_40_pts_border_05-05-21/real_sgs_15.pickle,sgs,1.7273843647531635,3.7374069079062946,2.728412423146516,4.92062904240966,0.10058323498046433
472,/home/nevena/data_tsanfleuron/sgs/sgs_test_40_pts_border_05-05-21/real_sgs_13.pickle,sgs,2.2754644194255254,5.724485225717159,4.105976499315351,8.06296201822406,0.11713160204594404
473,/home/nevena/data_tsanfleuron/sgs/sgs_test_40_pts_border_05-05-21/real_sgs_00.pickle,sgs,1.230278349251088,3.652130755960205,1.5687077167417853,3.9959982932394618,0.0916991442474355
474,/home/nevena/data_tsanfleuron/sgs/sgs_test_40_pts_border_05-05-21/real_sgs_11.pickle,sgs,2.4929663619783953,3.9024619070961926,3.785881818952411,5.061912358096835,0.133944632825813
475,/home/nevena/data_tsanfleuron/sgs/sgs_test_40_pts_border_05-05-21/real_sgs_12.pickle,sgs,3.8564514479927627,5.606151535606021,5.197414004836231,7.659628636054745,0.10976735885969494
476,/home/nevena/data_tsanfleuron/sgs/sgs_test_40_pts_border_05-05-21/real_sgs_18.pickle,sgs,1.7977513580561495,3.339525425183257,2.8533140054993336,4.07924292674506,0.11630155109796428
477,/home/nevena/data_tsanfleuron/sgs/sgs_test_40_pts_border_05-05-21/real_sgs_07.pickle,sgs,4.065224994586963,5.279652002371362,5.957302693508938,7.180401289428622,0.10635339244526568
478,/home/nevena/data_tsanfleuron/sgs/sgs_test_40_pts_border_05-05-21/real_sgs_19.pickle,sgs,0.7402575366299229,4.110955572380722,0.9763926655385643,5.563862943943321,0.11688549799877632
479,/home/nevena/data_tsanfleuron/sgs/sgs_test_40_pts_border_05-05-21/real_sgs_10.pickle,sgs,1.8395349736641713,4.105343621942496,2.647568881129846,5.390490852478813,0.11240005527020144
480,/home/nevena/data_tsanfleuron/sgs/sgs_test_24_pts_border_05-05-21/real_sgs_14.pickle,sgs,1.4009091880558924,4.242788689289994,2.308036817406863,5.746791423140664,0.11662013897670002
481,/home/nevena/data_tsanfleuron/sgs/sgs_test_24_pts_border_05-05-21/real_sgs_09.pickle,sgs,2.282532448091141,5.053367034097751,4.02874770687148,6.713284900086805,0.11768746581832257
482,/home/nevena/data_tsanfleuron/sgs/sgs_test_24_pts_border_05-05-21/real_sgs_08.pickle,sgs,0.4431287776788547,3.283650031525275,0.2404622014671564,4.222527299499527,0.11654622635120755
483,/home/nevena/data_tsanfleuron/sgs/sgs_test_24_pts_border_05-05-21/real_sgs_16.pickle,sgs,1.4554050170470019,3.5940314179866117,2.1917035710677504,4.517817487116172,0.10755557552442899
484,/home/nevena/data_tsanfleuron/sgs/sgs_test_24_pts_border_05-05-21/real_sgs_21.pickle,sgs,4.69510937119245,4.847941592739842,6.199767154293134,7.057876741939183,0.10311063430471408
485,/home/nevena/data_tsanfleuron/sgs/sgs_test_24_pts_border_05-05-21/real_sgs_22.pickle,sgs,0.4797094372451331,4.105511045494389,0.4096286414373666,5.635154232823933,0.11580683247558958
486,/home/nevena/data_tsanfleuron/sgs/sgs_test_24_pts_border_05-05-21/real_sgs_06.pickle,sgs,2.424422556229918,4.011599640089768,3.7669544513225555,5.248954595595212,0.09412139633799436
487,/home/nevena/data_tsanfleuron/sgs/sgs_test_24_pts_border_05-05-21/real_sgs_01.pickle,sgs,2.979491315862282,5.3231435455802965,4.5645670150354505,7.495734285311075,0.10303407218622591
488,/home/nevena/data_tsanfleuron/sgs/sgs_test_24_pts_border_05-05-21/real_sgs_20.pickle,sgs,1.8670230994702979,3.91261461682117,3.0122326068364083,5.375559263002487,0.09996494928601479
489,/home/nevena/data_tsanfleuron/sgs/sgs_test_24_pts_border_05-05-21/real_sgs_04.pickle,sgs,1.1704947188530488,3.2732910601022422,1.9983126651301981,4.0478670176913365,0.09487157305200464
490,/home/nevena/data_tsanfleuron/sgs/sgs_test_24_pts_border_05-05-21/real_sgs_03.pickle,sgs,2.0401147210352555,3.8088382918870316,3.239131518388539,5.079935766730669,0.10109217580287813
491,/home/nevena/data_tsanfleuron/sgs/sgs_test_24_pts_border_05-05-21/real_sgs_23.pickle,sgs,1.9869173164537304,4.433399910490865,3.124909073664993,6.003471733983724,0.11918638345476743
492,/home/nevena/data_tsanfleuron/sgs/sgs_test_24_pts_border_05-05-21/real_sgs_05.pickle,sgs,3.0776938505215714,4.7825901630750876,4.518785808536783,6.463367560285656,0.10690477012632957
493,/home/nevena/data_tsanfleuron/sgs/sgs_test_24_pts_border_05-05-21/real_sgs_17.pickle,sgs,0.49722218187262207,3.3840084081110056,0.7855304293990134,4.1996868674158625,0.1076243302302047
494,/home/nevena/data_tsanfleuron/sgs/sgs_test_24_pts_border_05-05-21/real_sgs_02.pickle,sgs,0.36928616874651793,3.4742684463304943,0.1394059054262936,4.521252556141239,0.10239524519700031
495,/home/nevena/data_tsanfleuron/sgs/sgs_test_24_pts_border_05-05-21/real_sgs_15.pickle,sgs,1.9731544410646165,3.835636479004003,2.943113990758732,5.088844259841855,0.10237650670461955
496,/home/nevena/data_tsanfleuron/sgs/sgs_test_24_pts_border_05-05-21/real_sgs_13.pickle,sgs,2.7499081018546225,5.7939436105981015,4.7563948507416995,8.3063880108805,0.11895926741903226
497,/home/nevena/data_tsanfleuron/sgs/sgs_test_24_pts_border_05-05-21/real_sgs_00.pickle,sgs,1.667467387837043,3.863581823362237,2.0070255272231994,4.406477552804486,0.09329582610979645
498,/home/nevena/data_tsanfleuron/sgs/sgs_test_24_pts_border_05-05-21/real_sgs_11.pickle,sgs,3.4190322367739956,4.252840864244164,4.9605079994451255,5.8948837253051245,0.1358356103625443
499,/home/nevena/data_tsanfleuron/sgs/sgs_test_24_pts_border_05-05-21/real_sgs_12.pickle,sgs,3.2977200219456675,5.255496952473353,4.664893317550793,7.325377907221736,0.11148458802089534
500,/home/nevena/data_tsanfleuron/sgs/sgs_test_24_pts_border_05-05-21/real_sgs_18.pickle,sgs,1.9550762296727058,3.611684233005846,3.1058010413914916,4.514324774389131,0.11806288956860005
501,/home/nevena/data_tsanfleuron/sgs/sgs_test_24_pts_border_05-05-21/real_sgs_07.pickle,sgs,4.551571945530472,5.1965386817536166,6.26542013570182,7.212044862356128,0.10833317814346759
502,/home/nevena/data_tsanfleuron/sgs/sgs_test_24_pts_border_05-05-21/real_sgs_19.pickle,sgs,0.689374302717448,4.164770845286502,1.0791302840225399,5.536631810613719,0.1186625502856423
503,/home/nevena/data_tsanfleuron/sgs/sgs_test_24_pts_border_05-05-21/real_sgs_10.pickle,sgs,1.7020180267878922,3.9972376956533617,2.563311910475418,5.255247733999656,0.1142669506507428
